clip_id,start_s,end_s,token,source_tier,gt_tier,sentence_idx,token_idx,score,fallback
1,0.0,5.716,สวัสดี,CC,CC_Aligned,0,0,,uniform_emb_missing
2,1.45,3.333,สวัสดี,CC,CC_Aligned,0,0,1.0,
3,1.9,2.166,ขอบคุณ,CC,CC_Aligned,0,0,1.0,
4,1.716,3.416,ขอบคุณ,CC,CC_Aligned,0,0,1.0,
5,1.833,3.033,ขอบใจ,CC,CC_Aligned,0,0,0.8584,
6,0.0,4.716,ขอโทษ,CC,CC_Aligned,0,0,,uniform_emb_missing
7,2.3,2.633,ขอโทษ,CC,CC_Aligned,0,0,1.0,
8,1.616,3.25,สนุก,CC,CC_Aligned,0,0,1.0,
9,1.583,2.65,สบาย,CC,CC_Aligned,0,0,1.0,
10,2.416,3.483,สบายดี,CC,CC_Aligned,0,0,1.0,
11,1.85,2.833,สบายใจ,CC,CC_Aligned,0,0,1.0,
12,2.016,3.583,ไม่สบายใจ,CC,CC_Aligned,0,0,1.0,
13,1.45,2.116,ไม่สบาย,CC,CC_Aligned,0,0,0.6025,
14,1.45,2.116,ป่วย,CC,CC_Aligned,0,0,0.6025,
15,2.0,2.766,ชื่อ,CC,CC_Aligned,0,0,1.0,
16,1.6,3.083,นามสกุล,CC,CC_Aligned,0,0,1.0,
17,1.483,1.5,ภาษามือ,CC,CC_Aligned,0,0,0.1423,
18,1.5,3.7,ชื่อภาษามือ,CC,CC_Aligned,0,0,1.0,
19,1.9,4.033,ชื่อสะกดนิ้วมืออักษรไทย,CC,CC_Aligned,0,0,1.0,
20,1.583,2.766,คนหูหนวก,CC,CC_Aligned,0,0,0.7157,
21,1.466,3.1,คนหูตึง,CC,CC_Aligned,0,0,1.0,
22,1.8,3.583,คนที่มีการได้ยิน,CC,CC_Aligned,0,0,1.0,
23,1.833,2.5,ใช่,CC,CC_Aligned,0,0,0.8757,
24,1.3,2.616,ไม่,CC,CC_Aligned,0,0,1.0,
25,1.3,2.616,ไม่ใช่,CC,CC_Aligned,0,0,1.0,
26,1.5,2.916,เรียน,CC,CC_Aligned,0,0,1.0,
27,1.516,2.716,จดจำ,CC,CC_Aligned,0,0,1.0,
28,1.5,2.716,คุณพบกับฉัน,CC,CC_Aligned,0,0,1.0,
29,1.816,2.566,คนหนึ่งพบกับอีกคนหนึ่ง,CC,CC_Aligned,0,0,1.0,
30,2.116,2.6,ฉันและคุณพบกันใหม่,CC,CC_Aligned,0,0,1.0,
31,1.416,3.483,คนหนึ่งและอีกคนหนึ่งพบกันใหม่,CC,CC_Aligned,0,0,1.0,
32,1.6,2.916,โชคดี,CC,CC_Aligned,0,0,1.0,
33,2.1,2.75,ไม่เป็นไร,CC,CC_Aligned,0,0,1.0,
34,2.033,2.733,หนึ่ง,CC,CC_Aligned,0,0,1.0,
35,1.566,2.45,สอง,CC,CC_Aligned,0,0,0.7518,
36,2.016,2.133,สาม,CC,CC_Aligned,0,0,0.3996,
37,1.8,2.466,สี่,CC,CC_Aligned,0,0,0.5026,
38,1.916,1.95,ห้า,CC,CC_Aligned,0,0,0.3331,
39,1.716,2.6,หก,CC,CC_Aligned,0,0,0.5724,
40,1.266,3.233,เจ็ด,CC,CC_Aligned,0,0,1.0,
41,1.316,2.916,แปด,CC,CC_Aligned,0,0,0.6271,
42,1.816,2.983,เก้า,CC,CC_Aligned,0,0,0.7988,
43,1.2,2.85,สิบ,CC,CC_Aligned,0,0,1.0,
44,1.666,3.933,สิบเอ็ด,CC,CC_Aligned,0,0,1.0,
45,1.75,3.466,สิบสอง,CC,CC_Aligned,0,0,0.6385,
46,1.5,3.166,สิบสาม,CC,CC_Aligned,0,0,0.7286,
47,1.75,3.3,สิบสี่,CC,CC_Aligned,0,0,0.7023,
48,1.55,2.533,สิบห้า,CC,CC_Aligned,0,0,0.4566,
49,1.8,4.666,สิบหก,CC,CC_Aligned,0,0,1.0,
50,1.883,3.5,สิบเจ็ด,CC,CC_Aligned,0,0,0.901,
51,1.733,3.216,สิบแปด,CC,CC_Aligned,0,0,0.7693,
52,1.666,4.416,สิบเก้า,CC,CC_Aligned,0,0,1.0,
53,1.916,2.833,ยี่สิบ,CC,CC_Aligned,0,0,0.7167,
54,2.116,3.25,สามสิบ,CC,CC_Aligned,0,0,0.7018,
55,1.766,1.8,สี่สิบ,CC,CC_Aligned,0,0,0.1105,
56,2.0,2.316,ห้าสิบ,CC,CC_Aligned,0,0,0.2508,
57,1.45,3.366,หกสิบ,CC,CC_Aligned,0,0,0.6026,
58,2.1,4.2,เจ็ดสิบ,CC,CC_Aligned,0,0,1.0,
59,2.266,3.3,แปดสิบ,CC,CC_Aligned,0,0,0.7003,
60,1.316,1.566,เก้าสิบ,CC,CC_Aligned,0,0,0.2003,
61,2.066,3.383,หนึ่งร้อย,CC,CC_Aligned,0,0,0.7996,
62,2.116,3.6,สองร้อย,CC,CC_Aligned,0,0,0.8018,
63,2.2,4.233,สามร้อย,CC,CC_Aligned,0,0,1.0,
64,1.583,3.733,สี่ร้อย,CC,CC_Aligned,0,0,1.0,
65,2.216,4.016,ห้าร้อย,CC,CC_Aligned,0,0,1.0,
66,1.616,2.233,หกร้อย,CC,CC_Aligned,0,0,0.5718,
67,1.783,3.433,เจ็ดร้อย,CC,CC_Aligned,0,0,1.0,
68,1.866,4.133,แปดร้อย,CC,CC_Aligned,0,0,1.0,
69,2.216,4.133,เก้าร้อย,CC,CC_Aligned,0,0,1.0,
70,2.4,4.033,หนึ่งพัน,CC,CC_Aligned,0,0,1.0,
71,1.566,2.3,หนึ่งหมื่น,CC,CC_Aligned,0,0,0.6254,
72,1.95,2.65,หนึ่งแสน,CC,CC_Aligned,0,0,0.6661,
73,1.55,2.516,หนึ่งล้าน,CC,CC_Aligned,0,0,0.7162,
74,0.0,4.0,เวลา,CC,CC_Aligned,0,0,,uniform_emb_missing
75,1.583,3.433,เช้า,CC,CC_Aligned,0,0,1.0,
76,1.683,2.283,กลางวัน,CC,CC_Aligned,0,0,0.5012,
77,1.683,2.283,เที่ยงวัน,CC,CC_Aligned,0,0,0.5012,
78,1.683,2.65,บ่าย,CC,CC_Aligned,0,0,1.0,
79,1.583,2.4,เย็น,CC,CC_Aligned,0,0,1.0,
80,1.916,3.0,ค่ำ,CC,CC_Aligned,0,0,0.7153,
81,1.816,2.3,กลางคืน,CC,CC_Aligned,0,0,0.7512,
82,1.816,2.3,มืด,CC,CC_Aligned,0,0,0.7512,
83,1.716,3.5,เที่ยงคืน,CC,CC_Aligned,0,0,0.7454,
84,2.416,4.55,ตลอดคืน,CC,CC_Aligned,0,0,1.0,
85,1.316,4.266,ตลอดยี่สิบสี่ชั่วโมง,CC,CC_Aligned,0,0,0.8678,
86,3.416,6.416,ยี่สิบสี่ชั่วโมง,CC,CC_Aligned,0,0,1.0,
87,1.816,2.316,วัน,CC,CC_Aligned,0,0,0.3012,
88,1.9,3.2,วันจันทร์,CC,CC_Aligned,0,0,1.0,
89,1.4,2.05,วันอังคาร,CC,CC_Aligned,0,0,0.6686,
90,0.0,4.716,วันพุธ,CC,CC_Aligned,0,0,,uniform_emb_missing
91,2.066,2.883,วันพฤหัสบดี,CC,CC_Aligned,0,0,1.0,
92,1.433,2.233,วันศุกร์,CC,CC_Aligned,0,0,0.7525,
93,1.9,3.283,วันเสาร์,CC,CC_Aligned,0,0,0.5031,
94,1.8,3.616,วันอาทิตย์,CC,CC_Aligned,0,0,1.0,
95,2.1,2.15,สัปดาห์,CC,CC_Aligned,0,0,1.0,
96,1.916,3.533,วันนี้,CC,CC_Aligned,0,0,1.0,
97,1.9,4.166,วันนี้,CC,CC_Aligned,0,0,1.0,
98,1.916,3.533,ขณะนี้,CC,CC_Aligned,0,0,1.0,
99,1.866,3.333,พรุ่งนี้,CC,CC_Aligned,0,0,1.0,
100,1.783,3.4,มะรืนนี้,CC,CC_Aligned,0,0,1.0,
101,1.933,2.75,เมื่อวานนี้,CC,CC_Aligned,0,0,0.6666,
102,1.8,2.866,เมื่อวานซืน,CC,CC_Aligned,0,0,0.7775,
103,1.516,2.3,เดือน,CC,CC_Aligned,0,0,1.0,
104,2.316,3.466,มกราคม,CC,CC_Aligned,0,0,0.6681,
105,1.716,3.15,กุมภาพันธ์,CC,CC_Aligned,0,0,1.0,
106,3.116,3.15,มีนาคม,CC,CC_Aligned,0,0,1.0,
107,2.15,3.6,เมษายน,CC,CC_Aligned,0,0,1.0,
108,2.016,2.033,พฤษภาคม,CC,CC_Aligned,0,0,0.1994,
109,1.966,3.0,มิถุนายน,CC,CC_Aligned,0,0,1.0,
110,2.416,3.233,กรกฎาคม,CC,CC_Aligned,0,0,1.0,
111,1.483,3.066,สิงหาคม,CC,CC_Aligned,0,0,0.9076,
112,1.7,3.633,กันยายน,CC,CC_Aligned,0,0,1.0,
113,2.15,3.8,ตุลาคม,CC,CC_Aligned,0,0,0.8766,
114,2.0,4.15,พฤศจิกายน,CC,CC_Aligned,0,0,0.8575,
115,2.0,4.383,ธันวาคม,CC,CC_Aligned,0,0,1.0,
116,1.8,3.416,ปี,CC,CC_Aligned,0,0,0.9005,
117,2.1,3.516,อายุ,CC,CC_Aligned,0,0,1.0,
118,1.616,2.45,อะไร,CC,CC_Aligned,0,0,0.7515,
119,1.8,2.683,อะไร,CC,CC_Aligned,0,0,1.0,
120,1.366,2.933,ใคร,CC,CC_Aligned,0,0,0.8228,
121,1.633,2.583,ทำไม,CC,CC_Aligned,0,0,0.626,
122,1.866,2.35,ที่ไหน,CC,CC_Aligned,0,0,0.8004,
123,1.8,2.683,ไหน,CC,CC_Aligned,0,0,1.0,
124,2.883,3.05,เท่าไร,CC,CC_Aligned,0,0,1.0,
125,1.683,3.416,อย่างไร,CC,CC_Aligned,0,0,1.0,
126,1.7,2.966,เหตุการณ์ยังไม่เกิดขึ้น,CC,CC_Aligned,0,0,0.8999,
127,1.983,3.816,เหตุการณ์เกิดขึ้นแล้ว,CC,CC_Aligned,0,0,1.0,
128,1.95,3.216,คน,CC,CC_Aligned,0,0,1.0,
129,1.95,3.216,บุคคล,CC,CC_Aligned,0,0,1.0,
130,1.616,2.8,ผู้ใหญ่,CC,CC_Aligned,0,0,0.5984,
131,1.266,3.166,ผู้ชาย,CC,CC_Aligned,0,0,1.0,
132,1.516,3.483,ผู้หญิง,CC,CC_Aligned,0,0,1.0,
133,1.9,1.933,เด็ก,CC,CC_Aligned,0,0,1.0,
134,1.633,3.1,ทารก,CC,CC_Aligned,0,0,1.0,
135,1.8,2.716,วัยรุ่น,CC,CC_Aligned,0,0,1.0,
136,1.8,2.716,เยาวชน,CC,CC_Aligned,0,0,1.0,
137,0.0,4.0,หนุ่ม,CC,CC_Aligned,0,0,,uniform_emb_missing
138,0.0,4.0,สาว,CC,CC_Aligned,0,0,,uniform_emb_missing
139,2.466,4.483,คนชรา,CC,CC_Aligned,0,0,1.0,
140,1.333,2.716,คนแก่,CC,CC_Aligned,0,0,1.0,
141,1.55,2.833,ฉัน,CC,CC_Aligned,0,0,0.7997,
142,1.55,2.833,ดิฉัน,CC,CC_Aligned,0,0,0.7997,
143,1.55,2.833,ผม,CC,CC_Aligned,0,0,0.7997,
144,1.616,2.3,คุณ,CC,CC_Aligned,0,0,1.0,
145,1.616,2.466,เขา,CC,CC_Aligned,0,0,1.0,
146,1.616,2.466,เธอ,CC,CC_Aligned,0,0,1.0,
147,1.333,2.533,พวกเรา,CC,CC_Aligned,0,0,1.0,
148,1.416,2.85,พวกเขา,CC,CC_Aligned,0,0,1.0,
149,1.716,2.166,ของฉัน,CC,CC_Aligned,0,0,1.0,
150,1.25,2.7,ของคุณ,CC,CC_Aligned,0,0,1.0,
151,1.566,3.0,ของเขา,CC,CC_Aligned,0,0,1.0,
152,1.6,3.616,ของเขาทั้งหลาย,CC,CC_Aligned,0,0,0.8456,
153,1.883,2.816,ครอบครัว,CC,CC_Aligned,0,0,0.8568,
154,1.35,2.483,พ่อ,CC,CC_Aligned,0,0,0.8327,
155,1.416,2.783,แม่,CC,CC_Aligned,0,0,0.6927,
156,0.916,3.35,พี่,CC,CC_Aligned,0,0,1.0,
157,1.416,2.133,น้อง,CC,CC_Aligned,0,0,0.8333,
158,1.5,2.9,พี่น้อง,CC,CC_Aligned,0,0,0.8007,
159,1.566,3.383,จำนวนพี่น้อง,CC,CC_Aligned,0,0,1.0,
160,1.366,3.75,พี่ชาย,CC,CC_Aligned,0,0,1.0,
161,1.3,3.566,น้องชาย,CC,CC_Aligned,0,0,1.0,
162,1.25,4.15,พี่สาว,CC,CC_Aligned,0,0,1.0,
163,1.383,3.516,น้องสาว,CC,CC_Aligned,0,0,1.0,
164,1.7,3.266,สามี,CC,CC_Aligned,0,0,0.9319,
165,1.8,4.366,ภรรยา,CC,CC_Aligned,0,0,1.0,
166,1.75,2.683,ลูก,CC,CC_Aligned,0,0,1.0,
167,1.966,3.85,ญาติ,CC,CC_Aligned,0,0,0.5694,
168,1.533,2.45,ญาติ,CC,CC_Aligned,0,0,0.7156,
169,1.516,4.5,ปู่,CC,CC_Aligned,0,0,1.0,
170,1.483,3.9,ย่า,CC,CC_Aligned,0,0,0.8131,
171,1.7,3.8,ตา,CC,CC_Aligned,0,0,0.8719,
172,1.383,3.966,ยาย,CC,CC_Aligned,0,0,0.8929,
173,1.633,3.75,ลุง,CC,CC_Aligned,0,0,1.0,
174,2.016,3.166,ป้า,CC,CC_Aligned,0,0,0.6012,
175,1.7,3.616,น้า,CC,CC_Aligned,0,0,0.7491,
176,1.816,3.416,อา,CC,CC_Aligned,0,0,0.715,
177,1.416,2.85,หลาน,CC,CC_Aligned,0,0,1.0,
178,1.716,2.55,เพื่อน,CC,CC_Aligned,0,0,1.0,
179,1.766,2.033,แฟน,CC,CC_Aligned,0,0,1.0,
180,1.466,2.016,โสด,CC,CC_Aligned,0,0,0.5559,
181,1.983,2.066,แต่งงาน,CC,CC_Aligned,0,0,1.0,
182,1.8,1.883,สมรส,CC,CC_Aligned,0,0,1.0,
183,1.583,2.033,จดทะเบียนสมรส,CC,CC_Aligned,0,0,1.0,
184,1.533,2.966,หย่า,CC,CC_Aligned,0,0,0.9167,
185,2.066,3.416,แยกกันอยู่,CC,CC_Aligned,0,0,1.0,
186,0.0,4.5,สี,CC,CC_Aligned,0,0,,uniform_emb_missing
187,2.183,2.233,สีต่างๆ,CC,CC_Aligned,0,0,0.083,
188,2.2,2.766,สีแดง,CC,CC_Aligned,0,0,0.667,
189,2.2,2.833,สีดำ,CC,CC_Aligned,0,0,1.0,
190,2.416,2.6,สีขาว,CC,CC_Aligned,0,0,1.0,
191,2.166,3.766,สีน้ำตาล,CC,CC_Aligned,0,0,0.7793,
192,2.316,3.15,สีส้ม,CC,CC_Aligned,0,0,0.667,
193,2.216,3.25,สีเทา,CC,CC_Aligned,0,0,1.0,
194,2.35,3.266,สีกากี,CC,CC_Aligned,0,0,1.0,
195,2.35,3.733,สีเหลือง,CC,CC_Aligned,0,0,1.0,
196,1.916,2.933,สีฟ้า,CC,CC_Aligned,0,0,0.7496,
197,0.05,0.066,สีชมพู,CC,CC_Aligned,0,0,0.1245,
198,2.533,2.75,สีเขียว,CC,CC_Aligned,0,0,0.3326,
199,2.416,2.85,สีน้ำเงิน,CC,CC_Aligned,0,0,0.6661,
200,1.966,3.5,สีม่วง,CC,CC_Aligned,0,0,1.0,
201,2.683,4.033,สีครีม,CC,CC_Aligned,0,0,0.7528,
202,0.216,0.316,สีเงิน,CC,CC_Aligned,0,0,0.1429,
203,0.1,0.316,สีทอง,CC,CC_Aligned,0,0,0.1109,
204,2.716,4.416,สีอ่อน,CC,CC_Aligned,0,0,1.0,
205,2.916,3.383,สีเข้ม,CC,CC_Aligned,0,0,0.7983,
206,1.95,3.933,จืด,CC,CC_Aligned,0,0,1.0,
207,2.2,3.016,หวาน,CC,CC_Aligned,0,0,0.3784,
208,1.65,3.233,เปรี้ยว,CC,CC_Aligned,0,0,1.0,
209,2.316,3.266,ขม,CC,CC_Aligned,0,0,0.7154,
210,2.15,3.616,เค็ม,CC,CC_Aligned,0,0,1.0,
211,1.3,3.416,เผ็ด,CC,CC_Aligned,0,0,1.0,
212,2.166,3.0,อร่อย,CC,CC_Aligned,0,0,0.8336,
213,2.2,2.783,ไม่อร่อย,CC,CC_Aligned,0,0,0.7501,
214,2.983,3.816,ไม่อร่อย,CC,CC_Aligned,0,0,1.0,
215,2.4,3.233,ผลไม้,CC,CC_Aligned,0,0,0.875,
216,2.516,2.533,ส้ม,CC,CC_Aligned,0,0,0.2,
217,3.116,4.933,ส้มโอ,CC,CC_Aligned,0,0,1.0,
218,2.316,4.2,กล้วย,CC,CC_Aligned,0,0,0.8005,
219,2.416,5.033,กล้วยน้ำว้า,CC,CC_Aligned,0,0,0.9446,
220,2.2,3.383,กล้วยน้ำว้า,CC,CC_Aligned,0,0,1.0,
221,2.316,3.933,กล้วยไข่,CC,CC_Aligned,0,0,1.0,
222,2.5,4.283,กล้วยไข่,CC,CC_Aligned,0,0,1.0,
223,2.316,3.4,กล้วยหอม,CC,CC_Aligned,0,0,1.0,
224,2.783,5.1,แอปเปิ้ล,CC,CC_Aligned,0,0,1.0,
225,2.416,2.783,น้อยหน่า,CC,CC_Aligned,0,0,1.0,
226,2.25,4.483,มันแกว,CC,CC_Aligned,0,0,1.0,
227,0.0,5.5,มังคุด,CC,CC_Aligned,0,0,,uniform_emb_missing
228,3.4,3.55,กระท้อน,CC,CC_Aligned,0,0,0.4999,
229,2.016,4.2,ลำไย,CC,CC_Aligned,0,0,1.0,
230,2.4,4.6,ละมุด,CC,CC_Aligned,0,0,1.0,
231,2.216,2.233,มะปราง,CC,CC_Aligned,0,0,0.1252,
232,2.05,3.8,ลิ้นจี่,CC,CC_Aligned,0,0,1.0,
233,1.966,4.016,สตรอว์เบอร์รี,CC,CC_Aligned,0,0,0.8575,
234,2.716,4.1,ลางสาด,CC,CC_Aligned,0,0,0.6704,
235,2.3,2.366,พุทรา,CC,CC_Aligned,0,0,0.4999,
236,2.283,2.3,เงาะ,CC,CC_Aligned,0,0,1.0,
237,2.033,3.25,มะม่วงหิมพานต์,CC,CC_Aligned,0,0,0.6698,
238,2.433,4.45,มะกอก,CC,CC_Aligned,0,0,0.7525,
239,2.483,4.133,ลูกจัน,CC,CC_Aligned,0,0,0.5592,
240,2.116,4.4,ขนุน,CC,CC_Aligned,0,0,1.0,
241,2.316,4.233,แคนตาลูป,CC,CC_Aligned,0,0,1.0,
242,2.316,4.9,แตงไทย,CC,CC_Aligned,0,0,1.0,
243,2.516,3.683,มะเฟือง,CC,CC_Aligned,0,0,0.6017,
244,3.183,3.2,มะยม,CC,CC_Aligned,0,0,0.4999,
245,2.183,4.0,ฝรั่ง,CC,CC_Aligned,0,0,1.0,
246,2.25,3.033,มะม่วง,CC,CC_Aligned,0,0,1.0,
247,2.766,3.716,มะละกอ,CC,CC_Aligned,0,0,0.6678,
248,4.116,4.233,สับปะรด,CC,CC_Aligned,0,0,1.0,
249,0.0,4.5,ชมพู่,CC,CC_Aligned,0,0,,uniform_emb_missing
250,2.716,4.666,ชมพู่ม่าเหมี่ยว,CC,CC_Aligned,0,0,1.0,
251,2.416,2.45,มะพร้าว,CC,CC_Aligned,0,0,1.0,
252,2.35,4.033,ทุเรียน,CC,CC_Aligned,0,0,1.0,
253,2.016,3.416,เชอร์รี,CC,CC_Aligned,0,0,1.0,
254,2.8,2.866,ทับทิม,CC,CC_Aligned,0,0,1.0,
255,2.116,2.133,มะขาม,CC,CC_Aligned,0,0,0.1669,
256,0.0,5.5,มะขามเทศ,CC,CC_Aligned,0,0,,uniform_emb_missing
257,3.916,3.933,องุ่น,CC,CC_Aligned,0,0,1.0,
258,2.0,4.75,แตงโม,CC,CC_Aligned,0,0,0.8343,
259,2.883,4.733,สละ,CC,CC_Aligned,0,0,1.0,
260,2.116,2.45,ระกำ,CC,CC_Aligned,0,0,0.5001,
261,3.3,3.483,ลูกตาล,CC,CC_Aligned,0,0,1.0,
262,3.083,4.183,สัตว์,CC,CC_Aligned,0,0,0.7519,
263,0.0,5.0,สุนัข,CC,CC_Aligned,0,0,,uniform_emb_missing
264,2.633,2.666,แมว,CC,CC_Aligned,0,0,0.1253,
265,2.316,4.1,หนู,CC,CC_Aligned,0,0,1.0,
266,0.0,4.5,หมู,CC,CC_Aligned,0,0,,uniform_emb_missing
267,2.5,4.533,หมูป่า,CC,CC_Aligned,0,0,1.0,
268,1.716,3.783,วัว,CC,CC_Aligned,0,0,1.0,
269,2.716,3.933,ควาย,CC,CC_Aligned,0,0,1.0,
270,2.316,3.9,กระทิง,CC,CC_Aligned,0,0,1.0,
271,2.333,4.066,กวาง,CC,CC_Aligned,0,0,1.0,
272,2.3,3.883,กระต่าย,CC,CC_Aligned,0,0,0.7553,
273,2.75,4.833,ลา,CC,CC_Aligned,0,0,1.0,
274,2.233,4.166,ม้า,CC,CC_Aligned,0,0,1.0,
275,2.416,4.816,ม้าลาย,CC,CC_Aligned,0,0,1.0,
276,2.466,4.766,แกะ,CC,CC_Aligned,0,0,1.0,
277,2.683,2.716,แพะ,CC,CC_Aligned,0,0,0.2499,
278,2.066,3.216,ช้าง,CC,CC_Aligned,0,0,1.0,
279,2.316,2.666,ยีราฟ,CC,CC_Aligned,0,0,0.6648,
280,2.016,4.116,อูฐ,CC,CC_Aligned,0,0,1.0,
281,0.0,4.5,จิงโจ้,CC,CC_Aligned,0,0,,uniform_emb_missing
282,2.3,3.1,แรด,CC,CC_Aligned,0,0,1.0,
283,2.416,3.4,สิงโต,CC,CC_Aligned,0,0,0.6688,
284,0.0,4.5,ลิง,CC,CC_Aligned,0,0,,uniform_emb_missing
285,2.45,4.0,ชะนี,CC,CC_Aligned,0,0,1.0,
286,2.083,3.9,หมี,CC,CC_Aligned,0,0,1.0,
287,2.316,3.7,หมีแพนด้า,CC,CC_Aligned,0,0,1.0,
288,2.316,2.833,เสือ,CC,CC_Aligned,0,0,1.0,
289,2.033,3.266,เสือดาว,CC,CC_Aligned,0,0,1.0,
290,2.716,4.7,เสือโคร่ง,CC,CC_Aligned,0,0,1.0,
291,2.533,3.783,เสือดำ,CC,CC_Aligned,0,0,0.8561,
292,2.666,2.8,เม่น,CC,CC_Aligned,0,0,1.0,
293,2.116,4.416,ฮิปโปโปเตมัส,CC,CC_Aligned,0,0,0.9173,
294,2.466,4.533,จระเข้,CC,CC_Aligned,0,0,1.0,
295,2.716,4.366,กิ้งก่า,CC,CC_Aligned,0,0,0.7036,
296,2.716,4.9,จิ้งจก,CC,CC_Aligned,0,0,1.0,
297,2.216,5.166,ตุ๊กแก,CC,CC_Aligned,0,0,1.0,
298,0.033,0.133,แมวน้ำ,CC,CC_Aligned,0,0,0.0909,
299,1.9,3.616,กบ,CC,CC_Aligned,0,0,1.0,
300,1.9,4.9,เขียด,CC,CC_Aligned,0,0,1.0,
301,1.55,4.116,ปาด,CC,CC_Aligned,0,0,0.9234,
302,2.183,3.866,คางคก,CC,CC_Aligned,0,0,1.0,
303,2.116,2.933,อึ่งอ่าง,CC,CC_Aligned,0,0,1.0,
304,0.0,5.0,เต่า,CC,CC_Aligned,0,0,,uniform_emb_missing
305,3.2,4.15,ตะพาบน้ำ,CC,CC_Aligned,0,0,1.0,
306,2.383,2.433,งู,CC,CC_Aligned,0,0,0.1992,
307,2.033,4.616,งูเหลือม,CC,CC_Aligned,0,0,1.0,
308,2.1,3.916,งูสามเหลี่ยม,CC,CC_Aligned,0,0,1.0,
309,2.216,2.266,งูเห่า,CC,CC_Aligned,0,0,0.3333,
310,2.05,3.85,งูจงอาง,CC,CC_Aligned,0,0,0.8194,
311,2.066,3.95,หนอน,CC,CC_Aligned,0,0,1.0,
312,1.6,3.8,บุ้ง,CC,CC_Aligned,0,0,1.0,
313,1.45,3.116,ไส้เดือน,CC,CC_Aligned,0,0,1.0,
314,2.3,2.333,กิ้งกือ,CC,CC_Aligned,0,0,0.2505,
315,2.166,3.583,ตะขาบ,CC,CC_Aligned,0,0,1.0,
316,2.483,4.6,แมงมุม,CC,CC_Aligned,0,0,1.0,
317,2.666,4.233,แมงป่อง,CC,CC_Aligned,0,0,1.0,
318,0.0,5.5,หอยทาก,CC,CC_Aligned,0,0,,uniform_emb_missing
319,2.316,2.733,ปลิง,CC,CC_Aligned,0,0,0.2505,
320,2.4,3.733,ยุง,CC,CC_Aligned,0,0,1.0,
321,3.216,4.4,แมลงวัน,CC,CC_Aligned,0,0,1.0,
322,2.416,4.883,แมลงวัน,CC,CC_Aligned,0,0,0.9167,
323,2.05,5.1,แมลงหวี่,CC,CC_Aligned,0,0,1.0,
324,2.216,5.116,แมลงเม่า,CC,CC_Aligned,0,0,1.0,
325,1.916,3.516,มด,CC,CC_Aligned,0,0,1.0,
326,1.35,3.133,ปลวก,CC,CC_Aligned,0,0,1.0,
327,2.05,3.583,เหา,CC,CC_Aligned,0,0,1.0,
328,0.0,5.5,เห็บ,CC,CC_Aligned,0,0,,uniform_emb_missing
329,0.0,5.0,หมัด,CC,CC_Aligned,0,0,,uniform_emb_missing
330,2.083,2.933,แมลงสาบ,CC,CC_Aligned,0,0,0.5002,
331,2.0,3.766,ผึ้ง,CC,CC_Aligned,0,0,1.0,
332,2.416,5.0,ต่อ,CC,CC_Aligned,0,0,0.8375,
333,2.0,5.35,แตน,CC,CC_Aligned,0,0,1.0,
334,2.35,6.3,หิ่งห้อย,CC,CC_Aligned,0,0,1.0,
335,2.4,3.316,ผีเสื้อ,CC,CC_Aligned,0,0,1.0,
336,1.933,2.4,แมลงปอ,CC,CC_Aligned,0,0,1.0,
337,2.116,4.716,ตั๊กแตน,CC,CC_Aligned,0,0,1.0,
338,2.3,3.883,ไดโนเสาร์,CC,CC_Aligned,0,0,0.601,
339,1.8,3.416,ไก่,CC,CC_Aligned,0,0,0.9,
340,1.616,2.9,เป็ด,CC,CC_Aligned,0,0,0.7783,
341,0.0,4.5,ห่าน,CC,CC_Aligned,0,0,,uniform_emb_missing
342,2.35,4.0,หงส์,CC,CC_Aligned,0,0,1.0,
343,1.683,3.8,นก,CC,CC_Aligned,0,0,1.0,
344,1.983,4.783,กา,CC,CC_Aligned,0,0,0.8008,
345,1.9,3.716,นกแก้ว,CC,CC_Aligned,0,0,1.0,
346,1.316,4.466,เหยี่ยว,CC,CC_Aligned,0,0,1.0,
347,1.866,4.316,นกกระจอกเทศ,CC,CC_Aligned,0,0,1.0,
348,3.716,3.733,นกยูง,CC,CC_Aligned,0,0,1.0,
349,1.916,3.8,นกฮูก,CC,CC_Aligned,0,0,1.0,
350,1.916,4.4,ค้างคาว,CC,CC_Aligned,0,0,1.0,
351,1.816,4.166,ปลาหมึก,CC,CC_Aligned,0,0,1.0,
352,2.016,3.95,กุ้ง,CC,CC_Aligned,0,0,1.0,
353,2.45,2.466,ปู,CC,CC_Aligned,0,0,1.0,
354,2.016,2.183,ปลา,CC,CC_Aligned,0,0,1.0,
355,2.85,3.466,ปลาทู,CC,CC_Aligned,0,0,0.7143,
356,2.966,4.383,ปลาทูนึ่ง,CC,CC_Aligned,0,0,1.0,
357,0.0,5.0,ปลานิล,CC,CC_Aligned,0,0,,uniform_emb_missing
358,2.2,4.366,ปลาดุก,CC,CC_Aligned,0,0,0.8574,
359,1.733,3.45,ปลาช่อน,CC,CC_Aligned,0,0,0.7504,
360,1.4,4.233,ปลาโลมา,CC,CC_Aligned,0,0,1.0,
361,1.75,3.75,ปลาวาฬ,CC,CC_Aligned,0,0,1.0,
362,2.116,4.383,ปลาฉลาม,CC,CC_Aligned,0,0,1.0,
363,2.15,4.283,ปลาฉลาม,CC,CC_Aligned,0,0,1.0,
364,3.016,3.033,ปลาดาว,CC,CC_Aligned,0,0,0.3332,
365,1.816,2.016,ม้าน้ำ,CC,CC_Aligned,0,0,0.3328,
366,1.816,1.833,หอย,CC,CC_Aligned,0,0,1.0,
367,2.416,4.016,หอยนางรม,CC,CC_Aligned,0,0,1.0,
368,2.7,3.433,หอยแมลงภู่,CC,CC_Aligned,0,0,1.0,
369,2.216,4.3,หอยแครง,CC,CC_Aligned,0,0,0.9004,
370,2.1,2.133,แมงกระพรุน,CC,CC_Aligned,0,0,1.0,
371,2.0,3.433,ปะการัง,CC,CC_Aligned,0,0,1.0,
372,2.266,2.916,พืช,CC,CC_Aligned,0,0,0.4439,
372,2.966,3.233,-,CC,CC_Aligned,0,1,0.1113,
372,3.283,4.183,ผักต่างๆ,CC,CC_Aligned,0,2,0.445,
373,1.933,3.366,พริก,CC,CC_Aligned,0,0,1.0,
374,2.066,3.433,พริกขี้หนู,CC,CC_Aligned,0,0,0.8889,
375,1.916,3.966,พริกชี้ฟ้าแดง,CC,CC_Aligned,0,0,0.8341,
376,1.7,3.533,พริกชี้ฟ้าเขียว,CC,CC_Aligned,0,0,0.9095,
377,1.8,3.733,พริกเหลือง,CC,CC_Aligned,0,0,0.786,
378,1.966,4.616,พริกหยวก,CC,CC_Aligned,0,0,1.0,
379,1.916,3.116,พริกหวาน,CC,CC_Aligned,0,0,0.8891,
380,1.683,3.416,หอมแดง,CC,CC_Aligned,0,0,0.8466,
381,0.866,3.366,หอมหัวใหญ่,CC,CC_Aligned,0,0,0.8973,
382,2.05,3.9,กระเทียม,CC,CC_Aligned,0,0,1.0,
383,2.0,3.716,กระเทียม,CC,CC_Aligned,0,0,0.8577,
384,2.766,4.416,ตะไคร้,CC,CC_Aligned,0,0,1.0,
385,0.0,6.2,มะเขือ,CC,CC_Aligned,0,0,,uniform_emb_missing
386,1.816,4.616,มะเขือเทศ,CC,CC_Aligned,0,0,1.0,
387,1.916,4.9,มะเขือเทศ,CC,CC_Aligned,0,0,1.0,
388,2.316,2.333,มะเขือพวง,CC,CC_Aligned,0,0,0.1658,
389,1.8,2.133,มะนาว,CC,CC_Aligned,0,0,0.7498,
390,1.75,4.45,มะกรูด,CC,CC_Aligned,0,0,0.9005,
391,2.0,4.816,ใบมะกรูด,CC,CC_Aligned,0,0,0.9197,
392,1.716,4.0,ต้นหอม,CC,CC_Aligned,0,0,1.0,
393,1.733,3.633,ถั่วฝักยาว,CC,CC_Aligned,0,0,0.746,
394,2.016,3.8,ขึ้นฉ่าย,CC,CC_Aligned,0,0,0.6733,
395,2.35,4.783,ผักชี,CC,CC_Aligned,0,0,0.8472,
396,2.0,3.916,โหระพา,CC,CC_Aligned,0,0,0.8586,
397,1.616,3.633,กะเพรา,CC,CC_Aligned,0,0,1.0,
398,1.7,4.2,สะระแหน่,CC,CC_Aligned,0,0,1.0,
399,1.916,3.65,ชะอม,CC,CC_Aligned,0,0,0.671,
400,0.133,0.3,ผักกระเฉด,CC,CC_Aligned,0,0,0.1244,
401,1.983,4.45,ตำลึง,CC,CC_Aligned,0,0,0.8764,
402,0.133,0.266,ผักบุ้ง,CC,CC_Aligned,0,0,0.0908,
403,2.35,4.1,ผักกวางตุ้ง,CC,CC_Aligned,0,0,1.0,
404,2.1,4.033,ผักคะน้า,CC,CC_Aligned,0,0,0.8881,
405,1.816,2.15,ดอกแค,CC,CC_Aligned,0,0,0.3326,
406,2.883,2.9,กระเจี๊ยบแดง,CC,CC_Aligned,0,0,0.1005,
407,1.9,4.733,กระเจี๊ยบเขียว,CC,CC_Aligned,0,0,1.0,
408,1.55,3.416,ถั่วพู,CC,CC_Aligned,0,0,1.0,
409,1.6,4.4,ถั่วลันเตา,CC,CC_Aligned,0,0,1.0,
410,2.15,4.483,ถั่วแขก,CC,CC_Aligned,0,0,0.8577,
411,1.65,4.5,พริกไทยสด,CC,CC_Aligned,0,0,1.0,
412,1.716,2.033,หน่อไม้ฝรั่ง,CC,CC_Aligned,0,0,0.1443,
413,1.95,2.0,กุยช่าย,CC,CC_Aligned,0,0,0.1988,
414,0.0,6.116,ข้าวโพด,CC,CC_Aligned,0,0,,uniform_emb_missing
415,0.0,6.05,ข้าวโพดอ่อน,CC,CC_Aligned,0,0,,uniform_emb_missing
416,1.816,4.083,กะหล่ำดอก,CC,CC_Aligned,0,0,1.0,
417,2.816,4.583,บรอกโคลี,CC,CC_Aligned,0,0,1.0,
418,1.683,1.733,กะหล่ำปลี,CC,CC_Aligned,0,0,0.2501,
419,2.016,3.2,ผักกาดขาวปลี,CC,CC_Aligned,0,0,1.0,
420,2.0,3.783,ผักกาดหอม,CC,CC_Aligned,0,0,1.0,
421,2.266,4.683,เผือก,CC,CC_Aligned,0,0,1.0,
422,2.1,2.133,น้ำเต้า,CC,CC_Aligned,0,0,1.0,
423,1.183,3.333,แตงกวา,CC,CC_Aligned,0,0,0.9094,
424,1.95,3.1,แตงร้าน,CC,CC_Aligned,0,0,1.0,
425,2.3,4.533,มะเขือยาว,CC,CC_Aligned,0,0,1.0,
426,1.583,1.616,ผักกาดหัว,CC,CC_Aligned,0,0,0.1105,
426,2.1,3.883,(หัวไชเท้า),CC,CC_Aligned,0,1,0.8908,
427,1.85,3.6,แครอท,CC,CC_Aligned,0,0,0.6671,
428,2.15,3.9,บวบเหลี่ยม,CC,CC_Aligned,0,0,0.8631,
429,2.2,4.4,มะระจีน,CC,CC_Aligned,0,0,1.0,
430,2.283,3.9,มะระไทย,CC,CC_Aligned,0,0,0.6677,
430,4.016,4.7,(มะระขี้นก),CC,CC_Aligned,0,1,0.3316,
431,2.116,4.083,ฟักเขียว,CC,CC_Aligned,0,0,1.0,
432,1.716,4.233,ฟักทอง,CC,CC_Aligned,0,0,1.0,
433,3.083,4.2,กระชาย,CC,CC_Aligned,0,0,1.0,
434,2.2,4.016,ข่า,CC,CC_Aligned,0,0,1.0,
435,1.7,1.933,ขิง,CC,CC_Aligned,0,0,0.6659,
436,2.1,2.4,ขมิ้น,CC,CC_Aligned,0,0,0.222,
437,2.4,3.6,มันฝรั่ง,CC,CC_Aligned,0,0,1.0,
438,1.516,4.6,หัวปลี,CC,CC_Aligned,0,0,1.0,
439,0.083,0.15,ใบแมงลัก,CC,CC_Aligned,0,0,0.1406,
440,2.05,2.65,เห็ด,CC,CC_Aligned,0,0,1.0,
441,2.083,2.133,เห็ดฟาง,CC,CC_Aligned,0,0,1.0,
442,1.833,2.266,เห็ดนางฟ้า,CC,CC_Aligned,0,0,1.0,
443,0.1,0.133,เห็ดหูหนู,CC,CC_Aligned,0,0,0.1245,
444,1.816,3.733,ถั่วงอก,CC,CC_Aligned,0,0,0.9095,
445,0.0,5.9,ถั่วงอก,CC,CC_Aligned,0,0,,uniform_emb_missing
446,2.416,4.533,หน่อไม้,CC,CC_Aligned,0,0,1.0,
447,1.916,4.9,สะตอ,CC,CC_Aligned,0,0,1.0,
448,2.116,2.633,สายบัว,CC,CC_Aligned,0,0,1.0,
449,2.316,2.333,ถั่วแระ,CC,CC_Aligned,0,0,0.3368,
450,2.116,5.016,ฝักกระถิน,CC,CC_Aligned,0,0,1.0,
451,2.5,4.533,กระถิน,CC,CC_Aligned,0,0,1.0,
452,2.533,4.35,อาหาร,CC,CC_Aligned,0,0,1.0,
453,1.783,1.916,ข้าว,CC,CC_Aligned,0,0,0.6671,
454,0.0,4.566,ข้าวเหนียว,CC,CC_Aligned,0,0,,uniform_emb_missing
455,1.433,2.516,ขนมปัง,CC,CC_Aligned,0,0,1.0,
456,0.083,0.216,เต้าเจี้ยว,CC,CC_Aligned,0,0,0.124,
457,1.666,3.633,น้ำมันพืช,CC,CC_Aligned,0,0,1.0,
458,1.533,3.25,ผงชูรส,CC,CC_Aligned,0,0,1.0,
459,1.816,4.016,น้ำส้มสายชู,CC,CC_Aligned,0,0,1.0,
460,1.816,3.85,น้ำส้มสายชู,CC,CC_Aligned,0,0,0.9006,
461,0.0,4.733,เกลือ,CC,CC_Aligned,0,0,,uniform_emb_missing
462,1.35,3.316,พริกไทย,CC,CC_Aligned,0,0,1.0,
463,1.466,3.65,พริกไทย,CC,CC_Aligned,0,0,1.0,
464,1.6,3.783,พริกป่น,CC,CC_Aligned,0,0,0.8469,
465,1.816,4.033,ซอสพริก,CC,CC_Aligned,0,0,1.0,
466,1.416,3.35,ซอสมะเขือเทศ,CC,CC_Aligned,0,0,1.0,
467,2.066,5.05,ซอสถั่วเหลือง,CC,CC_Aligned,0,0,1.0,
468,0.0,4.633,นม,CC,CC_Aligned,0,0,,uniform_emb_missing
469,1.583,3.833,น้ำปลา,CC,CC_Aligned,0,0,1.0,
470,2.533,3.816,น้ำปลา,CC,CC_Aligned,0,0,1.0,
471,1.516,3.716,น้ำตาลทราย,CC,CC_Aligned,0,0,1.0,
472,1.216,3.65,ซีอิ๊วขาว,CC,CC_Aligned,0,0,1.0,
473,1.383,3.716,ซีอิ๊วดำ,CC,CC_Aligned,0,0,1.0,
474,1.6,3.95,แป้งมัน,CC,CC_Aligned,0,0,1.0,
475,2.033,3.6,เส้นหมี่,CC,CC_Aligned,0,0,1.0,
476,1.683,2.85,เส้นเล็ก,CC,CC_Aligned,0,0,1.0,
477,2.566,2.85,เส้นใหญ่,CC,CC_Aligned,0,0,1.0,
478,1.616,4.466,วุ้นเส้น,CC,CC_Aligned,0,0,1.0,
479,1.683,3.316,บะหมี่,CC,CC_Aligned,0,0,0.8355,
480,1.75,2.383,ไข่,CC,CC_Aligned,0,0,1.0,
481,1.55,2.9,ไข่ไก่,CC,CC_Aligned,0,0,1.0,
482,0.1,0.183,ไข่เป็ด,CC,CC_Aligned,0,0,0.0996,
483,1.983,4.316,ไข่นกกระทา,CC,CC_Aligned,0,0,1.0,
484,1.9,4.116,ไข่เยี่ยวม้า,CC,CC_Aligned,0,0,1.0,
485,2.216,3.116,ร่างกาย,CC,CC_Aligned,0,0,1.0,
486,2.183,2.216,ร่างกาย,CC,CC_Aligned,0,0,0.1999,
486,2.3,2.716,(ภายนอก),CC,CC_Aligned,0,1,0.8012,
487,2.0,3.916,ศีรษะ,CC,CC_Aligned,0,0,1.0,
488,1.616,3.15,ผม,CC,CC_Aligned,0,0,1.0,
489,1.383,3.716,หน้า,CC,CC_Aligned,0,0,0.9007,
490,0.916,0.983,ตา,CC,CC_Aligned,0,0,0.2505,
491,1.6,3.416,ขนตา,CC,CC_Aligned,0,0,1.0,
492,1.7,2.383,คิ้ว,CC,CC_Aligned,0,0,0.6675,
493,2.816,2.95,จมูก,CC,CC_Aligned,0,0,1.0,
494,1.666,1.916,ปาก,CC,CC_Aligned,0,0,0.4287,
495,0.15,0.25,ฟัน,CC,CC_Aligned,0,0,0.1247,
496,1.616,1.983,ลิ้น,CC,CC_Aligned,0,0,0.7502,
497,1.566,2.033,คาง,CC,CC_Aligned,0,0,0.6653,
498,1.583,1.766,หู,CC,CC_Aligned,0,0,1.0,
499,1.15,1.833,แก้ม,CC,CC_Aligned,0,0,1.0,
500,1.7,3.383,คอ,CC,CC_Aligned,0,0,1.0,
501,1.55,3.683,ลูกกระเดือก,CC,CC_Aligned,0,0,1.0,
502,1.8,2.216,ไหล่,CC,CC_Aligned,0,0,0.7997,
503,1.783,3.466,แขน,CC,CC_Aligned,0,0,1.0,
504,1.883,1.933,ข้อศอก,CC,CC_Aligned,0,0,1.0,
505,0.0,5.516,มือ,CC,CC_Aligned,0,0,,uniform_emb_missing
506,0.0,5.35,นิ้วมือ,CC,CC_Aligned,0,0,,uniform_emb_missing
507,1.9,2.1,เล็บมือ,CC,CC_Aligned,0,0,0.3951,
508,0.0,5.583,หน้าอก,CC,CC_Aligned,0,0,,uniform_emb_missing
509,3.0,3.216,ท้อง,CC,CC_Aligned,0,0,1.0,
510,0.0,5.516,สะดือ,CC,CC_Aligned,0,0,,uniform_emb_missing
511,0.1,0.2,หลัง,CC,CC_Aligned,0,0,0.1424,
512,0.0,6.05,เอว,CC,CC_Aligned,0,0,,uniform_emb_missing
513,0.0,5.666,สะโพก,CC,CC_Aligned,0,0,,uniform_emb_missing
514,0.0,6.05,ก้น,CC,CC_Aligned,0,0,,uniform_emb_missing
515,2.9,4.55,ลูกอัณฑะ,CC,CC_Aligned,0,0,1.0,
516,2.883,3.233,ขา,CC,CC_Aligned,0,0,1.0,
517,2.966,3.816,หัวเข่า,CC,CC_Aligned,0,0,1.0,
518,2.516,2.833,เท้า,CC,CC_Aligned,0,0,0.3994,
519,1.816,4.25,อวัยวะภายใน,CC,CC_Aligned,0,0,1.0,
520,1.816,3.283,สมอง,CC,CC_Aligned,0,0,0.875,
521,1.75,2.85,หัวใจ,CC,CC_Aligned,0,0,1.0,
522,1.833,2.033,ปอด,CC,CC_Aligned,0,0,1.0,
523,1.75,3.25,หลอดลม,CC,CC_Aligned,0,0,0.7979,
524,0.0,6.866,ตับ,CC,CC_Aligned,0,0,,uniform_emb_missing
525,3.933,4.866,ไต,CC,CC_Aligned,0,0,0.6994,
526,0.0,6.3,กระเพาะอาหาร,CC,CC_Aligned,0,0,,uniform_emb_missing
527,0.0,6.3,ลำไส้เล็ก,CC,CC_Aligned,0,0,,uniform_emb_missing
528,0.0,6.116,ลำไส้ใหญ่,CC,CC_Aligned,0,0,,uniform_emb_missing
529,0.0,6.116,ไส้ติ่ง,CC,CC_Aligned,0,0,,uniform_emb_missing
530,1.416,3.4,เลือด,CC,CC_Aligned,0,0,1.0,
531,0.0,6.133,กระเพาะปัสสาวะ,CC,CC_Aligned,0,0,,uniform_emb_missing
532,0.0,7.116,รังไข่,CC,CC_Aligned,0,0,,uniform_emb_missing
533,0.0,7.116,มดลูก,CC,CC_Aligned,0,0,,uniform_emb_missing
534,1.666,3.416,ประจำเดือน,CC,CC_Aligned,0,0,1.0,
535,2.066,3.316,ระดูขาว,CC,CC_Aligned,0,0,1.0,
536,1.233,3.816,เครื่องแต่งกาย,CC,CC_Aligned,0,0,1.0,
537,2.016,3.283,เสื้อแขนสั้น,CC,CC_Aligned,0,0,1.0,
538,1.75,3.166,เสื้อแขนยาว,CC,CC_Aligned,0,0,1.0,
539,1.8,3.933,เสื้อยืด,CC,CC_Aligned,0,0,1.0,
540,1.133,4.3,เสื้อกล้าม,CC,CC_Aligned,0,0,1.0,
541,1.8,3.216,เสื้อเชิ้ต,CC,CC_Aligned,0,0,1.0,
542,2.15,4.9,เสื้อกันหนาว,CC,CC_Aligned,0,0,1.0,
543,1.816,3.3,เสื้อชั้นใน,CC,CC_Aligned,0,0,1.0,
544,0.0,5.95,กระโปรง,CC,CC_Aligned,0,0,,uniform_emb_missing
545,0.0,6.4,กางเกงขาสั้น,CC,CC_Aligned,0,0,,uniform_emb_missing
546,2.6,4.1,กางเกงขายาว,CC,CC_Aligned,0,0,1.0,
547,2.766,3.566,กางเกงยีนส์,CC,CC_Aligned,0,0,1.0,
548,2.483,3.166,กางเกงชั้นใน,CC,CC_Aligned,0,0,0.7141,
548,3.616,3.733,ผู้ชาย,CC,CC_Aligned,0,1,0.2859,
549,3.283,3.416,กางเกงชั้นใน,CC,CC_Aligned,0,0,0.1817,
549,3.45,4.666,ผู้หญิง,CC,CC_Aligned,0,1,0.8183,
550,1.583,4.7,ผ้าเช็ดหน้า,CC,CC_Aligned,0,0,1.0,
551,1.616,4.1,ผ้าเช็ดตัว,CC,CC_Aligned,0,0,1.0,
552,0.983,4.116,ผ้าขาวม้า,CC,CC_Aligned,0,0,1.0,
553,1.866,3.666,ผ้าถุง,CC,CC_Aligned,0,0,1.0,
554,1.666,3.85,หมวกผู้ชาย,CC,CC_Aligned,0,0,1.0,
555,2.1,4.5,หมวกผู้หญิง,CC,CC_Aligned,0,0,1.0,
556,1.7,3.9,เนคไท,CC,CC_Aligned,0,0,1.0,
557,0.0,6.133,เข็มขัด,CC,CC_Aligned,0,0,,uniform_emb_missing
558,1.766,3.816,ถุงมือ,CC,CC_Aligned,0,0,1.0,
559,0.0,5.666,ถุงเท้า,CC,CC_Aligned,0,0,,uniform_emb_missing
560,0.0,5.35,รองเท้า,CC,CC_Aligned,0,0,,uniform_emb_missing
561,1.9,4.133,ของใช้ในบ้าน,CC,CC_Aligned,0,0,1.0,
562,2.383,4.016,เตียง,CC,CC_Aligned,0,0,1.0,
563,2.416,5.1,หมอน,CC,CC_Aligned,0,0,1.0,
564,2.816,4.2,ผ้าห่ม,CC,CC_Aligned,0,0,1.0,
565,2.35,4.15,ประตู,CC,CC_Aligned,0,0,0.8349,
566,2.083,4.4,หน้าต่าง,CC,CC_Aligned,0,0,1.0,
567,1.9,4.3,กุญแจ,CC,CC_Aligned,0,0,1.0,
568,1.4,3.9,มุ้งลวด,CC,CC_Aligned,0,0,1.0,
569,3.35,5.083,นาฬิกาแขวน,CC,CC_Aligned,0,0,1.0,
570,2.716,3.75,โต๊ะ,CC,CC_Aligned,0,0,1.0,
571,2.016,2.433,เสื้อ,CC,CC_Aligned,0,0,0.1538,
571,2.483,5.416,ตู้,CC,CC_Aligned,0,1,0.8462,
572,2.4,2.416,เก้าอี้,CC,CC_Aligned,0,0,0.4966,
573,2.683,5.05,กระดาษชำระ,CC,CC_Aligned,0,0,1.0,
574,1.566,4.45,หวี,CC,CC_Aligned,0,0,1.0,
575,1.583,3.6,แปรงสีฟัน,CC,CC_Aligned,0,0,1.0,
576,2.1,3.466,ยาสีฟัน,CC,CC_Aligned,0,0,1.0,
577,1.983,4.9,ยาสระผม,CC,CC_Aligned,0,0,0.8728,
578,1.983,4.9,แชมพู,CC,CC_Aligned,0,0,0.8728,
579,2.4,2.416,สบู่,CC,CC_Aligned,0,0,1.0,
580,1.583,3.116,ขันน้ำ,CC,CC_Aligned,0,0,0.7037,
581,0.0,5.616,ถ้วย,CC,CC_Aligned,0,0,,uniform_emb_missing
582,2.3,3.116,จาน,CC,CC_Aligned,0,0,1.0,
583,1.8,3.4,แก้วน้ำ,CC,CC_Aligned,0,0,1.0,
584,2.05,4.366,ขวดน้ำ,CC,CC_Aligned,0,0,1.0,
585,1.8,3.8,ช้อน,CC,CC_Aligned,0,0,0.8991,
586,1.916,4.05,ส้อม,CC,CC_Aligned,0,0,1.0,
587,1.916,4.816,เครื่องใช้ไฟฟ้า,CC,CC_Aligned,0,0,1.0,
588,2.066,3.8,โทรทัศน์,CC,CC_Aligned,0,0,1.0,
589,1.966,3.983,คอมพิวเตอร์,CC,CC_Aligned,0,0,1.0,
590,2.25,2.266,โทรศัพท์,CC,CC_Aligned,0,0,0.0998,
591,1.566,4.3,เครื่องโทรสารแฟกซ์,CC,CC_Aligned,0,0,1.0,
592,1.9,4.516,เครื่องเล่นวิดีโอ,CC,CC_Aligned,0,0,1.0,
593,2.05,4.333,วีดีโอเทป,CC,CC_Aligned,0,0,0.8537,
594,1.983,4.266,วิทยุ,CC,CC_Aligned,0,0,1.0,
595,1.483,3.716,พัดลม,CC,CC_Aligned,0,0,1.0,
596,1.766,1.933,เตารีด,CC,CC_Aligned,0,0,0.6633,
597,2.35,3.616,เครื่องถ่ายเอกสาร,CC,CC_Aligned,0,0,1.0,
598,2.5,4.216,เครื่องพิมพ์ดีดไฟฟ้า,CC,CC_Aligned,0,0,1.0,
599,1.8,3.95,เครื่องปรับอากาศ,CC,CC_Aligned,0,0,1.0,
600,1.916,4.816,ตู้เย็น,CC,CC_Aligned,0,0,1.0,
601,2.05,4.533,เตาอบไมโครเวฟ,CC,CC_Aligned,0,0,1.0,
602,1.95,4.15,หม้อหุงข้าวไฟฟ้า,CC,CC_Aligned,0,0,1.0,
603,1.583,3.9,กาต้มน้ำไฟฟ้า,CC,CC_Aligned,0,0,1.0,
604,2.616,4.816,กระติกน้ำไฟฟ้า,CC,CC_Aligned,0,0,1.0,
605,1.783,3.7,เครื่องซักผ้า,CC,CC_Aligned,0,0,1.0,
606,0.0,6.733,วิทยุติดตามตัวเพจเจอร์,CC,CC_Aligned,0,0,,uniform_emb_missing
607,1.8,3.9,ยานพาหนะ,CC,CC_Aligned,0,0,1.0,
608,1.966,3.566,รถยนต์,CC,CC_Aligned,0,0,1.0,
609,1.816,3.516,รถจักรยาน,CC,CC_Aligned,0,0,1.0,
610,1.833,3.233,รถจักรยานยนต์,CC,CC_Aligned,0,0,1.0,
611,2.416,4.15,รถแท็กซี่,CC,CC_Aligned,0,0,1.0,
612,1.866,4.183,รถตุ๊กตุ๊ก,CC,CC_Aligned,0,0,1.0,
613,1.683,4.7,รถกะบะ,CC,CC_Aligned,0,0,1.0,
614,1.75,4.833,รถตู้,CC,CC_Aligned,0,0,1.0,
615,1.416,4.2,รถพยาบาล,CC,CC_Aligned,0,0,0.8819,
616,2.0,4.716,รถตำรวจ,CC,CC_Aligned,0,0,1.0,
617,1.683,4.083,รถดับเพลิง,CC,CC_Aligned,0,0,1.0,
618,1.55,3.75,รถโดยสารประจำทางรถเมล์,CC,CC_Aligned,0,0,1.0,
619,1.883,4.8,รถโดยสารธรรมดา,CC,CC_Aligned,0,0,1.0,
620,1.816,4.1,รถโดยสารปรับอากาศ,CC,CC_Aligned,0,0,1.0,
621,1.95,3.633,รถสองแถว,CC,CC_Aligned,0,0,1.0,
622,1.683,3.383,รถบรรทุกสิบล้อ,CC,CC_Aligned,0,0,0.8016,
623,2.033,2.05,รถบรรทุก,CC,CC_Aligned,0,0,0.1224,
623,2.716,3.983,(หกล้อ),CC,CC_Aligned,0,1,0.8781,
624,1.6,4.016,รถพ่วง,CC,CC_Aligned,0,0,1.0,
625,1.583,2.766,รถไฟ,CC,CC_Aligned,0,0,1.0,
626,2.0,3.833,รถไฟฟ้า,CC,CC_Aligned,0,0,1.0,
627,2.416,2.45,รถไฟฟ้าใต้ดิน,CC,CC_Aligned,0,0,0.4969,
628,1.566,3.416,เกวียน,CC,CC_Aligned,0,0,1.0,
629,1.866,2.6,รถไถ,CC,CC_Aligned,0,0,1.0,
630,3.716,3.75,เรือ,CC,CC_Aligned,0,0,1.0,
631,2.9,4.916,เรือข้ามฟาก,CC,CC_Aligned,0,0,1.0,
632,1.916,4.233,เรือหางยาว,CC,CC_Aligned,0,0,1.0,
633,1.883,3.683,เครื่องบิน,CC,CC_Aligned,0,0,1.0,
634,2.066,3.55,เฮลิคอปเตอร์,CC,CC_Aligned,0,0,1.0,
635,1.933,2.2,จรวด,CC,CC_Aligned,0,0,0.4974,
636,1.516,2.283,สถานที่,CC,CC_Aligned,0,0,1.0,
637,1.8,4.1,วัด,CC,CC_Aligned,0,0,1.0,
638,2.1,2.983,โบสถ์,CC,CC_Aligned,0,0,1.0,
639,1.75,3.9,มัสยิด,CC,CC_Aligned,0,0,0.9074,
640,1.983,2.016,โรงเรียน,CC,CC_Aligned,0,0,0.4998,
641,2.2,2.35,วิทยาลัย,CC,CC_Aligned,0,0,0.4996,
642,2.216,3.566,มหาวิทยาลัย,CC,CC_Aligned,0,0,1.0,
643,1.6,3.183,บ้าน,CC,CC_Aligned,0,0,1.0,
644,1.45,3.1,หมู่บ้าน,CC,CC_Aligned,0,0,1.0,
645,1.633,3.5,บ้านเช่า,CC,CC_Aligned,0,0,1.0,
646,1.783,3.566,ทาวน์เฮาส์,CC,CC_Aligned,0,0,1.0,
647,1.533,2.8,ตึกแถว,CC,CC_Aligned,0,0,1.0,
648,1.866,4.333,คอนโดมิเนียม,CC,CC_Aligned,0,0,1.0,
649,1.683,3.433,หอพัก,CC,CC_Aligned,0,0,1.0,
650,1.983,4.0,โรงแรม,CC,CC_Aligned,0,0,1.0,
651,1.883,4.4,ร้านขายของ,CC,CC_Aligned,0,0,1.0,
652,1.666,3.5,ตลาด,CC,CC_Aligned,0,0,1.0,
653,2.5,4.816,โรงพยาบาล,CC,CC_Aligned,0,0,1.0,
654,1.6,3.816,สถานีตำรวจ,CC,CC_Aligned,0,0,1.0,
655,2.0,3.883,เรือนจำ,CC,CC_Aligned,0,0,1.0,
656,1.266,3.566,ศาล,CC,CC_Aligned,0,0,1.0,
657,1.683,4.25,สถานีรถไฟ,CC,CC_Aligned,0,0,0.9289,
658,1.766,4.366,สถานีขนส่ง,CC,CC_Aligned,0,0,1.0,
659,1.366,4.316,สนามบิน,CC,CC_Aligned,0,0,0.9414,
660,1.533,3.316,สวนสัตว์,CC,CC_Aligned,0,0,1.0,
661,1.816,4.366,สนามกีฬา,CC,CC_Aligned,0,0,1.0,
662,1.883,3.816,ที่ทำการไปรษณีย์,CC,CC_Aligned,0,0,1.0,
663,1.0,3.133,ศาลากลางจังหวัด,CC,CC_Aligned,0,0,1.0,
664,1.7,3.1,ที่ว่าการอำเภอ,CC,CC_Aligned,0,0,0.5554,
665,1.7,3.1,สำนักงานเขต,CC,CC_Aligned,0,0,0.5554,
666,2.05,2.9,ตำบล,CC,CC_Aligned,0,0,1.0,
667,1.6,4.533,ชนบท,CC,CC_Aligned,0,0,1.0,
668,1.716,3.35,ชนบท,CC,CC_Aligned,0,0,1.0,
669,1.983,2.483,จังหวัด,CC,CC_Aligned,0,0,0.362,
670,2.016,3.033,ภาคกลาง,CC,CC_Aligned,0,0,1.0,
671,1.716,2.716,กรุงเทพฯ,CC,CC_Aligned,0,0,1.0,
672,1.9,2.916,นนทบุรี,CC,CC_Aligned,0,0,1.0,
673,1.6,1.716,ปทุมธานี,CC,CC_Aligned,0,0,0.3326,
674,1.666,2.1,นครนายก,CC,CC_Aligned,0,0,0.4996,
675,1.65,3.083,ปราจีนบุรี,CC,CC_Aligned,0,0,1.0,
676,1.7,2.566,ฉะเชิงเทรา,CC,CC_Aligned,0,0,0.5987,
677,1.65,2.816,พระนครศรีอยุธยา,CC,CC_Aligned,0,0,0.8753,
678,1.216,1.933,ลพบุรี,CC,CC_Aligned,0,0,0.834,
679,1.5,3.85,สระบุรี,CC,CC_Aligned,0,0,0.8334,
680,1.616,3.816,สิงห์บุรี,CC,CC_Aligned,0,0,1.0,
681,1.7,3.716,อ่างทอง,CC,CC_Aligned,0,0,1.0,
682,1.566,3.816,ชัยนาท,CC,CC_Aligned,0,0,1.0,
683,1.866,4.0,สมุทรปราการ,CC,CC_Aligned,0,0,0.83,
684,1.65,3.95,สมุทรสาคร,CC,CC_Aligned,0,0,1.0,
685,1.583,3.716,สมุทรสงคราม,CC,CC_Aligned,0,0,0.8541,
686,1.6,3.8,นครปฐม,CC,CC_Aligned,0,0,1.0,
687,2.1,2.133,สุพรรณบุรี,CC,CC_Aligned,0,0,0.25,
688,1.633,4.566,ราชบุรี,CC,CC_Aligned,0,0,1.0,
689,1.716,3.7,กาญจนบุรี,CC,CC_Aligned,0,0,1.0,
690,1.766,1.916,เพชรบุรี,CC,CC_Aligned,0,0,1.0,
691,1.916,4.1,ประจวบคีรีขันธ์,CC,CC_Aligned,0,0,1.0,
692,1.633,3.533,สระแก้ว,CC,CC_Aligned,0,0,1.0,
693,1.75,3.0,ภาคเหนือ,CC,CC_Aligned,0,0,0.7771,
694,1.766,3.8,อุทัยธานี,CC,CC_Aligned,0,0,1.0,
695,1.716,3.833,นครสวรรค์,CC,CC_Aligned,0,0,1.0,
696,1.533,3.433,นครสวรรค์,CC,CC_Aligned,0,0,1.0,
697,1.65,2.433,กำแพงเพชร,CC,CC_Aligned,0,0,0.8569,
698,1.816,1.966,ตาก,CC,CC_Aligned,0,0,0.2514,
699,1.45,3.316,สุโขทัย,CC,CC_Aligned,0,0,0.9174,
700,3.316,3.333,สุโขทัย,CC,CC_Aligned,0,0,1.0,
701,1.8,3.183,พิษณุโลก,CC,CC_Aligned,0,0,1.0,
702,1.75,4.75,พิจิตร,CC,CC_Aligned,0,0,0.8328,
703,1.766,4.016,เพชรบูรณ์,CC,CC_Aligned,0,0,1.0,
704,1.5,1.966,อุตรดิตถ์,CC,CC_Aligned,0,0,0.5031,
705,2.116,3.4,แพร่,CC,CC_Aligned,0,0,1.0,
706,1.783,3.6,น่าน,CC,CC_Aligned,0,0,1.0,
707,1.466,3.8,ลำปาง,CC,CC_Aligned,0,0,1.0,
708,1.766,2.966,พะเยา,CC,CC_Aligned,0,0,0.8583,
709,2.016,3.816,เชียงราย,CC,CC_Aligned,0,0,1.0,
710,2.016,2.566,ลำพูน,CC,CC_Aligned,0,0,1.0,
711,2.466,4.15,เชียงใหม่,CC,CC_Aligned,0,0,1.0,
712,1.516,3.683,แม่ฮ่องสอน,CC,CC_Aligned,0,0,0.857,
713,2.083,2.233,ภาคตะวันออก,CC,CC_Aligned,0,0,0.499,
714,1.783,2.066,ชลบุรี,CC,CC_Aligned,0,0,0.3364,
715,3.6,4.683,ระยอง,CC,CC_Aligned,0,0,1.0,
716,2.066,3.616,ระยอง,CC,CC_Aligned,0,0,1.0,
717,0.0,5.266,จันทบุรี,CC,CC_Aligned,0,0,,uniform_emb_missing
718,3.25,3.266,ตราด,CC,CC_Aligned,0,0,1.0,
719,3.55,3.583,ภาคตะวันออกเฉียงเหนือ,CC,CC_Aligned,0,0,1.0,
720,1.683,2.933,กาฬสินธุ์,CC,CC_Aligned,0,0,1.0,
721,1.916,3.783,ขอนแก่น,CC,CC_Aligned,0,0,1.0,
722,1.85,3.566,ชัยภูมิ,CC,CC_Aligned,0,0,1.0,
723,1.516,2.85,นครพนม,CC,CC_Aligned,0,0,1.0,
724,1.583,2.866,นครราชสีมา,CC,CC_Aligned,0,0,0.875,
725,1.6,3.416,บุรีรัมย์,CC,CC_Aligned,0,0,1.0,
726,2.183,2.2,มหาสารคาม,CC,CC_Aligned,0,0,1.0,
727,2.366,3.883,มุกดาหาร,CC,CC_Aligned,0,0,1.0,
728,1.7,3.5,ยโสธร,CC,CC_Aligned,0,0,1.0,
729,1.816,3.533,ร้อยเอ็ด,CC,CC_Aligned,0,0,1.0,
730,1.95,4.2,เลย,CC,CC_Aligned,0,0,0.8303,
731,1.816,3.8,ศรีสะเกษ,CC,CC_Aligned,0,0,1.0,
732,1.583,2.883,สกลนคร,CC,CC_Aligned,0,0,0.6263,
733,1.966,2.15,สุรินทร,CC,CC_Aligned,0,0,0.3356,
734,2.166,2.5,หนองคาย,CC,CC_Aligned,0,0,1.0,
735,2.216,2.25,บึงกาฬ,CC,CC_Aligned,0,0,0.1669,
736,2.0,3.366,หนองบัวลำภู,CC,CC_Aligned,0,0,1.0,
737,1.816,3.683,อำนาจเจริญ,CC,CC_Aligned,0,0,1.0,
738,1.4,2.333,อุดรธานี,CC,CC_Aligned,0,0,0.8575,
739,1.916,2.033,อุบลราชธานี,CC,CC_Aligned,0,0,0.3342,
740,1.9,3.05,ภาคใต้,CC,CC_Aligned,0,0,0.8334,
741,1.783,1.983,ชุมพร,CC,CC_Aligned,0,0,0.1668,
742,2.033,4.333,ระนอง,CC,CC_Aligned,0,0,1.0,
743,1.566,3.4,พังงา,CC,CC_Aligned,0,0,0.8715,
744,2.083,2.466,ภูเก็ต,CC,CC_Aligned,0,0,1.0,
745,1.5,3.316,กระบี่,CC,CC_Aligned,0,0,1.0,
746,1.766,4.016,นครศรีธรรมราช,CC,CC_Aligned,0,0,1.0,
747,1.8,1.833,ตรัง,CC,CC_Aligned,0,0,1.0,
748,1.583,4.133,พัทลุง,CC,CC_Aligned,0,0,1.0,
749,1.9,3.716,สงขลา,CC,CC_Aligned,0,0,0.8582,
750,1.8,4.3,สตูล,CC,CC_Aligned,0,0,1.0,
751,1.7,2.033,ปัตตานี,CC,CC_Aligned,0,0,0.2473,
752,2.3,4.933,ยะลา,CC,CC_Aligned,0,0,1.0,
753,1.533,4.25,นราธิวาส,CC,CC_Aligned,0,0,1.0,
754,1.95,2.0,สุราษฎร์ธานี,CC,CC_Aligned,0,0,0.166,
755,2.883,4.533,อาหาร,CC,CC_Aligned,0,0,0.9088,
756,3.0,4.566,ไข่,CC,CC_Aligned,0,0,1.0,
757,3.233,3.25,ไข่เจียว,CC,CC_Aligned,0,0,0.1145,
758,2.833,4.75,ไข่เจียว,CC,CC_Aligned,0,0,1.0,
759,3.516,3.933,ไข่ดาว,CC,CC_Aligned,0,0,1.0,
760,0.2,0.283,ไข่ดาว,CC,CC_Aligned,0,0,0.2521,
761,2.716,5.666,ข้าวต้ม,CC,CC_Aligned,0,0,0.9446,
762,3.083,3.933,โจ๊ก,CC,CC_Aligned,0,0,0.2006,
763,3.316,5.533,ขนมจีน,CC,CC_Aligned,0,0,1.0,
764,3.016,4.8,ขนมจีน,CC,CC_Aligned,0,0,1.0,
765,3.166,4.75,ขนมจีน,CC,CC_Aligned,0,0,1.0,
766,2.4,3.333,ก๋วยเตี๋ยว,CC,CC_Aligned,0,0,1.0,
767,2.483,5.0,ก๋วยเตี๋ยวแห้ง,CC,CC_Aligned,0,0,1.0,
768,2.116,4.35,เย็นตาโฟ,CC,CC_Aligned,0,0,0.5842,
769,0.033,0.35,สุกี้,CC,CC_Aligned,0,0,0.1818,
769,2.716,4.016,ยากี้,CC,CC_Aligned,0,1,0.7278,
770,2.233,4.5,ก๋วยเตี๋ยวน้ำ,CC,CC_Aligned,0,0,1.0,
771,2.233,4.533,ก๋วยเตี๋ยวน้ำ,CC,CC_Aligned,0,0,0.9334,
772,3.416,5.9,ก๋วยจั๊บ,CC,CC_Aligned,0,0,0.9372,
773,2.45,2.666,เกาเหลา,CC,CC_Aligned,0,0,0.0528,
774,2.616,2.75,เกาหลาลูกชิ้น,CC,CC_Aligned,0,0,0.1826,
775,2.683,5.683,เกาหลาเนื้อวัว,CC,CC_Aligned,0,0,0.9511,
776,2.616,7.2,เกาหลาเลือดหมู,CC,CC_Aligned,0,0,0.9091,
777,2.483,6.233,กระเพาะปลา,CC,CC_Aligned,0,0,0.909,
778,0.066,0.866,แกงจืด,CC,CC_Aligned,0,0,0.2036,
779,2.433,4.95,แกงเผ็ด,CC,CC_Aligned,0,0,1.0,
780,0.1,0.15,ผัดไทย,CC,CC_Aligned,0,0,0.0762,
781,2.666,5.55,ผัดไทย,CC,CC_Aligned,0,0,1.0,
782,2.783,6.4,เส้นใหญ่ผัดซีอิ๊ว,CC,CC_Aligned,0,0,1.0,
783,2.5,5.916,เส้นใหญ่ผัดซีอิ๊ว,CC,CC_Aligned,0,0,1.0,
784,2.816,2.833,ข้าวผัด,CC,CC_Aligned,0,0,0.0907,
785,2.133,2.15,เส้นใหญ่ราดหน้า,CC,CC_Aligned,0,0,0.0997,
786,1.816,3.8,ข้าวหมูแดง,CC,CC_Aligned,0,0,0.7863,
787,2.483,4.083,ข้าวมันไก่,CC,CC_Aligned,0,0,0.5503,
788,2.616,5.916,ไก่ผัดกระเพรา,CC,CC_Aligned,0,0,0.882,
789,1.933,2.0,ยำ,CC,CC_Aligned,0,0,0.1113,
790,2.55,5.3,ต้มยำ,CC,CC_Aligned,0,0,0.8637,
791,0.083,0.916,ส้มตำ,CC,CC_Aligned,0,0,0.2351,
792,2.85,6.45,ลาบหมู,CC,CC_Aligned,0,0,1.0,
793,2.116,4.133,น้ำตกเนื้อ,CC,CC_Aligned,0,0,0.5858,
794,2.716,4.35,หมูปิ้ง,CC,CC_Aligned,0,0,0.8751,
795,1.8,1.833,หมูสะเต๊ะ,CC,CC_Aligned,0,0,0.0767,
796,2.5,5.333,ปาท่องโก๋,CC,CC_Aligned,0,0,1.0,
797,3.05,5.066,ปาท่องโก๋,CC,CC_Aligned,0,0,1.0,
798,3.366,3.433,ซาลาเปา,CC,CC_Aligned,0,0,0.2497,
799,2.0,4.316,อากาศ,CC,CC_Aligned,0,0,1.0,
800,2.583,4.716,ธรรมชาติ,CC,CC_Aligned,0,0,1.0,
801,2.316,7.633,ฤดู,CC,CC_Aligned,0,0,1.0,
802,2.5,4.216,ฤดู,CC,CC_Aligned,0,0,1.0,
803,2.4,5.25,พระอาทิตย์,CC,CC_Aligned,0,0,0.9364,
804,2.75,4.116,ดวงจันทร์,CC,CC_Aligned,0,0,0.7169,
805,2.75,4.116,พระจันทร์,CC,CC_Aligned,0,0,0.7169,
806,2.716,3.933,ดวงดาว,CC,CC_Aligned,0,0,0.715,
807,3.116,3.366,เมฆ,CC,CC_Aligned,0,0,0.3365,
808,2.65,5.116,หมอก,CC,CC_Aligned,0,0,0.8415,
809,2.1,4.5,ท้องฟ้า,CC,CC_Aligned,0,0,1.0,
810,2.916,4.5,ฝน,CC,CC_Aligned,0,0,1.0,
811,2.033,4.483,น้ำค้าง,CC,CC_Aligned,0,0,1.0,
812,2.683,4.566,แสงแดด,CC,CC_Aligned,0,0,1.0,
813,2.266,4.8,ลม,CC,CC_Aligned,0,0,1.0,
814,2.15,5.083,ลมพายุ,CC,CC_Aligned,0,0,0.9412,
815,2.266,3.116,หนาว,CC,CC_Aligned,0,0,1.0,
816,2.1,3.55,ร้อน,CC,CC_Aligned,0,0,0.6612,
817,0.1,0.216,ร้อน,CC,CC_Aligned,0,0,0.1134,
818,0.033,0.45,ฝุ่น,CC,CC_Aligned,0,0,0.4066,
819,2.683,4.733,ฟ้าแลบ,CC,CC_Aligned,0,0,1.0,
820,2.483,4.7,ฟ้าร้อง,CC,CC_Aligned,0,0,0.889,
821,2.133,4.766,ฟ้าผ่า,CC,CC_Aligned,0,0,1.0,
822,3.066,3.633,กรวด,CC,CC_Aligned,0,0,0.7505,
823,2.383,3.5,ทราย,CC,CC_Aligned,0,0,1.0,
824,0.0,6.4,ดิน,CC,CC_Aligned,0,0,,uniform_emb_missing
825,2.2,3.25,หิน,CC,CC_Aligned,0,0,1.0,
826,2.216,4.166,ดอกไม้,CC,CC_Aligned,0,0,1.0,
827,2.233,3.933,ต้นไม้,CC,CC_Aligned,0,0,1.0,
828,2.7,2.833,น้ำ,CC,CC_Aligned,0,0,0.6666,
829,2.333,5.083,น้ำตก,CC,CC_Aligned,0,0,1.0,
830,2.583,4.933,แม่น้ำ,CC,CC_Aligned,0,0,1.0,
831,1.75,4.333,คลอง,CC,CC_Aligned,0,0,1.0,
832,2.283,4.766,ลำธาร,CC,CC_Aligned,0,0,1.0,
833,2.1,4.633,ทะเล,CC,CC_Aligned,0,0,1.0,
834,1.266,5.316,มหาสมุทร,CC,CC_Aligned,0,0,1.0,
835,2.083,6.6,มหาสมุทร,CC,CC_Aligned,0,0,1.0,
836,2.466,4.3,ทะเลสาบ,CC,CC_Aligned,0,0,1.0,
837,2.033,3.116,เกาะ,CC,CC_Aligned,0,0,1.0,
838,2.6,5.716,น้ำพุ,CC,CC_Aligned,0,0,1.0,
839,1.833,5.916,บ่อน้ำร้อน,CC,CC_Aligned,0,0,1.0,
840,2.166,5.0,น้ำท่วม,CC,CC_Aligned,0,0,1.0,
841,1.716,5.633,ลูกเห็บ,CC,CC_Aligned,0,0,1.0,
842,2.566,3.333,แผ่นดินไหว,CC,CC_Aligned,0,0,1.0,
843,2.383,3.95,อาชีพ,CC,CC_Aligned,0,0,1.0,
844,1.816,4.533,ข้าราชการ,CC,CC_Aligned,0,0,1.0,
845,3.0,4.3,ทหาร,CC,CC_Aligned,0,0,1.0,
846,1.766,2.7,แพทย์,CC,CC_Aligned,0,0,0.6659,
847,1.766,2.7,หมอ,CC,CC_Aligned,0,0,0.6659,
848,2.9,4.5,ครู,CC,CC_Aligned,0,0,1.0,
849,2.9,4.5,อาจารย์,CC,CC_Aligned,0,0,1.0,
850,2.9,4.5,ผู้สอน,CC,CC_Aligned,0,0,1.0,
851,2.8,4.533,ครู,CC,CC_Aligned,0,0,1.0,
852,2.8,4.533,อาจารย์,CC,CC_Aligned,0,0,1.0,
853,2.266,3.866,พยาบาล,CC,CC_Aligned,0,0,1.0,
854,2.233,3.633,ตำรวจ,CC,CC_Aligned,0,0,0.6158,
855,0.083,3.966,บุรุษไปรษณีย์,CC,CC_Aligned,0,0,1.0,
856,2.866,2.883,บุรุษไปรษณีย์,CC,CC_Aligned,0,0,0.4954,
857,2.283,3.866,ผู้พิพากษา,CC,CC_Aligned,0,0,1.0,
858,1.65,4.416,ช่างไฟฟ้า,CC,CC_Aligned,0,0,1.0,
859,2.533,5.116,ช่างทำผม,CC,CC_Aligned,0,0,1.0,
860,2.6,4.183,ช่างตัดเสื้อ,CC,CC_Aligned,0,0,1.0,
861,2.2,4.6,ช่างซ่อมรองเท้า,CC,CC_Aligned,0,0,1.0,
862,2.366,3.933,ช่างซ่อมนาฬิกา,CC,CC_Aligned,0,0,0.8005,
863,2.566,6.05,ช่างซ่อมเครื่องยนต์,CC,CC_Aligned,0,0,1.0,
864,2.1,5.616,ช่างเชื่อมโลหะ,CC,CC_Aligned,0,0,1.0,
865,2.533,6.333,ช่างไม้,CC,CC_Aligned,0,0,1.0,
866,2.6,4.516,ช่างศิลป์วาด,CC,CC_Aligned,0,0,1.0,
867,2.683,5.383,ช่างภาพ,CC,CC_Aligned,0,0,1.0,
868,2.6,4.333,เจ้าหน้าที่บันทึกวิดีโอ,CC,CC_Aligned,0,0,0.8191,
869,3.5,3.516,ยามรักษาความปลอดภัย,CC,CC_Aligned,0,0,1.0,
870,2.716,4.833,พนักงานทำความสะอาด,CC,CC_Aligned,0,0,0.9375,
871,2.1,5.466,พ่อค้า,CC,CC_Aligned,0,0,1.0,
872,2.516,4.4,แม่ค้า,CC,CC_Aligned,0,0,0.9231,
873,2.45,4.0,ลูกจ้าง,CC,CC_Aligned,0,0,0.8667,
874,2.95,5.116,ชาวนา,CC,CC_Aligned,0,0,1.0,
875,2.516,5.0,มอเตอร์ไซค์รับจ้าง,CC,CC_Aligned,0,0,1.0,
876,2.316,5.133,แท็กซี่,CC,CC_Aligned,0,0,1.0,
877,2.016,4.116,สามล้อเครื่องตุ๊กตุ๊ก,CC,CC_Aligned,0,0,0.9067,
878,1.966,3.383,ความรู้สึก,CC,CC_Aligned,0,0,1.0,
879,1.866,3.5,ระบายความในใจ,CC,CC_Aligned,0,0,1.0,
880,1.966,3.383,อาการ,CC,CC_Aligned,0,0,1.0,
881,1.516,1.533,รัก,CC,CC_Aligned,0,0,1.0,
882,1.483,2.85,เกลียด,CC,CC_Aligned,0,0,1.0,
883,1.466,2.533,ชอบ,CC,CC_Aligned,0,0,0.7141,
884,0.0,5.816,ชอบ,CC,CC_Aligned,0,0,,uniform_emb_missing
885,1.666,3.433,ไม่ชอบ,CC,CC_Aligned,0,0,1.0,
886,1.516,3.0,โกรธ,CC,CC_Aligned,0,0,1.0,
887,1.683,3.15,ดุ,CC,CC_Aligned,0,0,0.7787,
888,1.533,2.816,คิดถึง,CC,CC_Aligned,0,0,0.8896,
889,1.866,3.133,ฝัน,CC,CC_Aligned,0,0,0.7148,
890,0.0,5.9,ง่าย,CC,CC_Aligned,0,0,,uniform_emb_missing
891,2.066,2.966,ยาก,CC,CC_Aligned,0,0,1.0,
892,1.7,2.366,จริง,CC,CC_Aligned,0,0,1.0,
893,1.7,2.366,แน่,CC,CC_Aligned,0,0,1.0,
894,2.483,2.783,แท้,CC,CC_Aligned,0,0,1.0,
895,1.583,3.1,ไม่จริง,CC,CC_Aligned,0,0,1.0,
896,2.383,2.833,ยิ้ม,CC,CC_Aligned,0,0,0.3376,
897,1.85,2.65,กล้า,CC,CC_Aligned,0,0,1.0,
898,1.733,3.083,กลัว,CC,CC_Aligned,0,0,1.0,
899,0.0,5.3,กลัว,CC,CC_Aligned,0,0,,uniform_emb_missing
900,1.716,2.833,ขยัน,CC,CC_Aligned,0,0,0.9231,
901,1.383,3.2,ขี้เกียจ,CC,CC_Aligned,0,0,0.8296,
902,2.216,2.266,อยาก,CC,CC_Aligned,0,0,1.0,
903,1.716,3.233,หิว,CC,CC_Aligned,0,0,1.0,
904,1.616,3.166,อิ่ม,CC,CC_Aligned,0,0,1.0,
905,2.116,2.916,จำ,CC,CC_Aligned,0,0,0.7519,
906,1.683,3.65,ลืม,CC,CC_Aligned,0,0,1.0,
907,1.6,1.666,มีความสุข,CC,CC_Aligned,0,0,1.0,
908,1.8,3.233,ใจร้อน,CC,CC_Aligned,0,0,1.0,
909,1.833,3.266,ใจเย็น,CC,CC_Aligned,0,0,1.0,
910,2.466,3.8,ดีใจ,CC,CC_Aligned,0,0,1.0,
911,2.183,2.633,เสียใจ,CC,CC_Aligned,0,0,0.8335,
912,1.466,2.433,น้อยใจ,CC,CC_Aligned,0,0,1.0,
913,1.4,3.166,ใจลอย,CC,CC_Aligned,0,0,1.0,
914,1.716,3.116,สงสัย,CC,CC_Aligned,0,0,0.9195,
915,2.2,3.916,ไม่แน่ใจ,CC,CC_Aligned,0,0,1.0,
916,1.383,2.833,มั่นใจ,CC,CC_Aligned,0,0,1.0,
917,1.583,2.833,มั่นใจ,CC,CC_Aligned,0,0,1.0,
918,1.416,3.066,เบื่อ,CC,CC_Aligned,0,0,1.0,
919,1.85,2.716,ทะเลาะ,CC,CC_Aligned,0,0,1.0,
920,1.333,2.633,เสียดาย,CC,CC_Aligned,0,0,1.0,
921,2.0,3.0,เสียดาย,CC,CC_Aligned,0,0,0.568,
922,1.45,3.033,ร้องไห้,CC,CC_Aligned,0,0,1.0,
923,2.0,2.033,เศร้า,CC,CC_Aligned,0,0,0.4996,
924,2.0,2.033,เศร้าใจ,CC,CC_Aligned,0,0,0.4996,
925,0.0,6.116,เหงา,CC,CC_Aligned,0,0,,uniform_emb_missing
926,2.066,3.433,กีฬา,CC,CC_Aligned,0,0,1.0,
927,0.0,6.583,ฟุตบอล,CC,CC_Aligned,0,0,,uniform_emb_missing
928,2.116,4.383,บาสเกตบอล,CC,CC_Aligned,0,0,0.9331,
929,1.966,4.116,วอลเลย์บอล,CC,CC_Aligned,0,0,1.0,
930,1.783,3.9,ตะกร้อ,CC,CC_Aligned,0,0,1.0,
931,2.416,4.116,มวย,CC,CC_Aligned,0,0,1.0,
932,2.216,2.233,มวยปล้ำ,CC,CC_Aligned,0,0,1.0,
933,2.383,3.633,ยูโด,CC,CC_Aligned,0,0,1.0,
934,2.016,3.966,แบดมินตัน,CC,CC_Aligned,0,0,1.0,
935,2.033,3.833,เทนนิส,CC,CC_Aligned,0,0,0.8997,
936,2.0,4.166,ปิงปอง,CC,CC_Aligned,0,0,1.0,
937,2.116,4.716,ยิมนาสติก,CC,CC_Aligned,0,0,0.9281,
938,2.5,3.8,เปตอง,CC,CC_Aligned,0,0,0.8748,
939,2.45,3.483,วิ่งแข่ง,CC,CC_Aligned,0,0,0.7502,
940,2.166,3.766,กระโดดสูง,CC,CC_Aligned,0,0,1.0,
941,1.883,4.383,ทุ่มน้ำหนัก,CC,CC_Aligned,0,0,1.0,
942,2.916,2.933,ขว้างจักร,CC,CC_Aligned,0,0,0.4999,
943,1.866,4.266,พุ่งแหลน,CC,CC_Aligned,0,0,1.0,
944,2.183,3.9,ยิงปืน,CC,CC_Aligned,0,0,1.0,
945,1.883,2.883,ว่ายน้ำ,CC,CC_Aligned,0,0,0.8568,
946,1.75,3.933,ว่ายน้ำ,CC,CC_Aligned,0,0,1.0,
947,2.3,5.3,ยิงธนู,CC,CC_Aligned,0,0,1.0,
948,2.5,4.383,หมากรุก,CC,CC_Aligned,0,0,0.8328,
949,3.383,4.383,โบว์ลิ่ง,CC,CC_Aligned,0,0,1.0,
950,2.083,3.116,กอล์ฟ,CC,CC_Aligned,0,0,1.0,
951,2.083,3.666,เรือใบ,CC,CC_Aligned,0,0,0.748,
952,2.216,4.733,สถานที่สำคัญ,CC,CC_Aligned,0,0,0.9079,
953,2.216,4.733,สถานที่ท่องเที่ยว,CC,CC_Aligned,0,0,1.0,
954,1.916,1.933,พระบรมมหาราชวัง,CC,CC_Aligned,0,0,0.1113,
954,1.983,2.466,",",CC,CC_Aligned,0,1,0.1128,
954,2.6,3.483,วัดพระศรีรัตนศาสดาราม,CC,CC_Aligned,0,2,0.5549,
954,4.016,4.4,(วัดพระแก้ว),CC,CC_Aligned,0,3,0.2232,
955,1.616,1.65,วัดพระเชตุพนวิมลมังคลาราม,CC,CC_Aligned,0,0,0.2496,
955,1.683,3.366,(วัดโพธิ์),CC,CC_Aligned,0,1,0.7544,
956,1.683,3.633,วัดอรุณราชวราราม,CC,CC_Aligned,0,0,1.0,
957,1.916,4.75,วัดเบญจมบพิธ,CC,CC_Aligned,0,0,1.0,
958,1.7,2.4,วัดสระเกศ,CC,CC_Aligned,0,0,0.1114,
958,2.483,4.416,(วัดภูเขาทอง),CC,CC_Aligned,0,1,0.8877,
959,1.6,2.083,วัดพระธาตุพนม,CC,CC_Aligned,0,0,0.4317,
959,2.4,4.316,จ.นครพนม,CC,CC_Aligned,0,1,0.5658,
960,1.8,2.6,พุทธมณฑล,CC,CC_Aligned,0,0,0.7507,
960,3.283,3.416,จ.นครปฐม,CC,CC_Aligned,0,1,0.2504,
961,1.7,2.3,วัดพระปฐมเจดีย์,CC,CC_Aligned,0,0,0.1814,
961,2.416,4.483,จ.นครปฐม,CC,CC_Aligned,0,1,0.8182,
962,1.883,2.233,วัดพระบรมธาตุดอยสุเทพ,CC,CC_Aligned,0,0,0.2857,
962,2.266,3.616,จ.เชียงใหม่,CC,CC_Aligned,0,1,0.7135,
963,2.066,2.316,พระบรมธาตุดอยสุเทพ,CC,CC_Aligned,0,0,0.2002,
963,2.466,4.333,จ.เชียงใหม่,CC,CC_Aligned,0,1,0.7998,
964,1.9,3.716,สนามหลวง,CC,CC_Aligned,0,0,1.0,
965,1.916,3.483,เสาชิงช้า,CC,CC_Aligned,0,0,0.7481,
966,1.916,5.45,สถานีรถไฟหัวลำโพง,CC,CC_Aligned,0,0,1.0,
967,2.7,2.916,เยาวราช,CC,CC_Aligned,0,0,0.3334,
968,2.083,4.033,บางลำพู,CC,CC_Aligned,0,0,1.0,
969,1.9,3.966,ทำเนียบรัฐบาล,CC,CC_Aligned,0,0,0.8748,
970,1.816,2.8,พระที่นั่งอนันตสมาคม,CC,CC_Aligned,0,0,0.857,
971,2.183,5.266,พระที่นั่งวิมานเมฆ,CC,CC_Aligned,0,0,1.0,
972,1.783,3.85,กรมประชาสงเคราะห์,CC,CC_Aligned,0,0,1.0,
973,1.366,3.533,กรมประชาสัมพันธ์,CC,CC_Aligned,0,0,1.0,
974,2.15,3.016,อนุสาวรีย์ชัยสมรภูมิ,CC,CC_Aligned,0,0,0.6004,
975,2.216,3.633,อนุสาวรีย์ประชาธิปไตย,CC,CC_Aligned,0,0,0.8335,
976,1.9,4.25,ฟาร์มจระเข้,CC,CC_Aligned,0,0,0.8886,
977,1.9,3.316,ตลาดน้ำดำเนินสะดวก,CC,CC_Aligned,0,0,0.3183,
977,3.366,5.65,จ.ราชบุรี,CC,CC_Aligned,0,1,0.6367,
978,1.683,3.633,สวนอัมพร,CC,CC_Aligned,0,0,1.0,
979,2.15,4.116,พระบรมราชานุสาวรีย์สมเด็จพระเจ้าตากสินมหาราช,CC,CC_Aligned,0,0,1.0,
980,2.15,4.116,วงเวียนใหญ่,CC,CC_Aligned,0,0,1.0,
981,2.1,3.616,พระบรมราชานุสาวรีย์พระบาทสมเด็จพระพุทธยอดฟ้าจุฬาโลก,CC,CC_Aligned,0,0,0.5996,
981,3.783,4.05,(รัชกาลที่,CC,CC_Aligned,0,1,0.0998,
981,4.2,4.583,1),CC,CC_Aligned,0,2,0.2996,
982,1.783,1.866,พระบรมราชานุสาวรีย์พระบาทสมเด็จพระมงกุฎเกล้าเจ้าอยู่หัว,CC,CC_Aligned,0,0,0.1112,
982,1.883,1.916,(รัชกาลที่,CC,CC_Aligned,0,1,0.1108,
982,1.95,2.816,6,CC,CC_Aligned,0,2,0.2253,
982,2.866,3.766,),CC,CC_Aligned,0,3,0.5548,
983,1.783,3.766,สวนลุมพินี,CC,CC_Aligned,0,0,1.0,
984,2.283,2.316,อนุสาวรีย์ท้าวสุรนารี,CC,CC_Aligned,0,0,0.0714,
984,2.4,4.783,จ.นครราชสีมา,CC,CC_Aligned,0,1,0.9287,
985,1.966,2.133,อนุสาวรีย์ท้าวเทพกระษัตรี-ท้าวศรีสุนทร,CC,CC_Aligned,0,0,0.1821,
985,2.8,4.2,จ.ภูเก็ต,CC,CC_Aligned,0,1,0.6353,
986,2.25,3.183,สวนจตุจักร,CC,CC_Aligned,0,0,0.8328,
987,2.116,4.266,สยามสแควร์,CC,CC_Aligned,0,0,1.0,
988,2.016,3.383,ห้างสรรพสินค้าเซ็นทรัล,CC,CC_Aligned,0,0,0.833,
989,2.316,2.4,เซ็นทรัล,CC,CC_Aligned,0,0,0.1001,
989,2.533,4.133,สาขาชิดลม,CC,CC_Aligned,0,1,0.8999,
990,1.883,3.466,เซ็นทรัล,CC,CC_Aligned,0,0,0.9093,
990,3.6,3.766,สาขาลาดพร้าว,CC,CC_Aligned,0,1,0.0907,
991,2.016,3.05,เซ็นทรัล,CC,CC_Aligned,0,0,0.6006,
991,3.45,4.0,สาขาลาดพร้าว,CC,CC_Aligned,0,1,0.3994,
992,1.983,2.0,เซ็นทรัล,CC,CC_Aligned,0,0,0.0716,
992,2.066,4.816,สาขาสีลม,CC,CC_Aligned,0,1,0.9284,
993,2.216,4.983,เซ็นทรัล,CC,CC_Aligned,0,0,0.8095,
993,5.416,5.983,สาขาสีลม,CC,CC_Aligned,0,1,0.1905,
994,2.366,2.916,เซ็นทรัล,CC,CC_Aligned,0,0,0.6679,
994,2.983,4.116,สาขาสีลม,CC,CC_Aligned,0,1,0.3321,
995,2.1,3.616,ห้างสรรพสินค้าบางลำภู,CC,CC_Aligned,0,0,1.0,
996,1.766,3.8,ศูนย์การค้ามาบุญครอง,CC,CC_Aligned,0,0,1.0,
997,1.916,3.466,ห้างสรรพสินค้าโรบินสัน,CC,CC_Aligned,0,0,1.0,
998,1.866,3.933,ห้างสรรพสินค้าโรบินสัน,CC,CC_Aligned,0,0,1.0,
999,1.6,3.1,ห้างสรรพสินค้าเดอะมอลล์,CC,CC_Aligned,0,0,0.8998,
1000,2.016,2.5,ห้างสรรพสินค้าพาต้า,CC,CC_Aligned,0,0,0.6674,
1001,1.883,4.4,พาต้า,CC,CC_Aligned,0,0,1.0,
1002,2.016,2.316,พาต้า,CC,CC_Aligned,0,0,0.7999,
1002,3.116,3.15,สาขาปิ่นเกล้า,CC,CC_Aligned,0,1,0.2001,
1003,2.3,3.05,พาต้า,CC,CC_Aligned,0,0,0.0907,
1003,3.166,4.966,สาขาประตูน้ำ,CC,CC_Aligned,0,1,0.9093,
1004,2.133,3.933,ห้างสรรพสินค้าโซโก้,CC,CC_Aligned,0,0,1.0,
1005,2.266,3.783,ศูนย์การค้าเวิลด์เทรด,CC,CC_Aligned,0,0,0.6923,
1005,3.9,4.183,เซ็นเตอร์,CC,CC_Aligned,0,1,0.0767,
1006,1.783,4.0,ศูนย์การค้าเสรีเซ็นเตอร์,CC,CC_Aligned,0,0,1.0,
1007,1.75,2.05,ศูนย์การค้าซีคอนสแควร์,CC,CC_Aligned,0,0,0.4989,
1008,1.616,3.783,ศูนย์การค้าฟิวเจอร์ปาร์ค,CC,CC_Aligned,0,0,1.0,
1009,1.65,3.533,แม็คโคร,CC,CC_Aligned,0,0,1.0,
1010,1.716,3.3,แม็คโคร,CC,CC_Aligned,0,0,1.0,
1011,2.116,3.166,เทสโก้,CC,CC_Aligned,0,0,0.4883,
1011,3.416,3.7,โลตัส,CC,CC_Aligned,0,1,0.5117,
1012,1.566,3.3,คาร์ฟูร์,CC,CC_Aligned,0,0,1.0,
1013,2.016,3.85,บิ๊กซี,CC,CC_Aligned,0,0,1.0,
1014,1.783,3.466,ธนาคาร,CC,CC_Aligned,0,0,0.9166,
1015,1.9,3.2,ธนาคารไทยพานิชย์,CC,CC_Aligned,0,0,1.0,
1016,2.2,4.016,ธนาคารไทยพานิชย์,CC,CC_Aligned,0,0,1.0,
1017,2.1,2.133,ธนาคารกรุงเทพ,CC,CC_Aligned,0,0,1.0,
1018,1.6,2.633,ธนาคารกสิกรไทย,CC,CC_Aligned,0,0,0.6674,
1019,1.516,2.4,ธนาคารทหารไทย,CC,CC_Aligned,0,0,1.0,
1020,1.516,3.6,ธนาคารเอเชีย,CC,CC_Aligned,0,0,1.0,
1021,1.85,4.35,ธนาคารกรุงไทย,CC,CC_Aligned,0,0,1.0,
1022,1.983,3.9,ธนาคารกรุงศรีอยุธยา,CC,CC_Aligned,0,0,1.0,
1023,2.25,4.183,ธนาคารออมสิน,CC,CC_Aligned,0,0,1.0,
1024,2.083,4.816,สถานีบริการน้ำมัน,CC,CC_Aligned,0,0,1.0,
1025,5.583,6.366,ปตท.,CC,CC_Aligned,0,0,1.0,
1026,1.8,3.133,บางจาก,CC,CC_Aligned,0,0,0.6627,
1027,1.883,3.633,เชลล์,CC,CC_Aligned,0,0,1.0,
1028,1.933,2.65,เอสโซ่,CC,CC_Aligned,0,0,0.5001,
1029,1.6,3.766,คิวเอจ,CC,CC_Aligned,0,0,1.0,
1030,1.95,2.833,คาลเท็กซ์,CC,CC_Aligned,0,0,0.5713,
1031,2.283,4.633,เจ๊ท,CC,CC_Aligned,0,0,1.0,
1032,2.166,2.183,ประเทศ,CC,CC_Aligned,0,0,1.0,
1033,1.866,3.716,ประเทศ,CC,CC_Aligned,0,0,0.7514,
1034,1.716,3.516,ประเทศ,CC,CC_Aligned,0,0,1.0,
1035,2.516,5.566,ทวีปเอเชีย,CC,CC_Aligned,0,0,1.0,
1036,1.783,3.583,ไทย,CC,CC_Aligned,0,0,1.0,
1037,1.783,2.016,ลาว,CC,CC_Aligned,0,0,1.0,
1038,1.816,3.916,เมียนมา,CC,CC_Aligned,0,0,0.5954,
1038,3.966,4.133,พม่า,CC,CC_Aligned,0,1,0.4046,
1039,1.6,1.866,กัมพูชา,CC,CC_Aligned,0,0,0.6671,
1040,1.916,4.0,เวียดนาม,CC,CC_Aligned,0,0,1.0,
1041,1.7,2.933,จีน,CC,CC_Aligned,0,0,1.0,
1042,1.6,2.816,ฮ่องกง,CC,CC_Aligned,0,0,0.6923,
1043,1.866,2.75,มาเก๊า,CC,CC_Aligned,0,0,1.0,
1044,2.0,3.033,ไต้หวัน,CC,CC_Aligned,0,0,1.0,
1045,1.883,3.65,ไต้หวัน,CC,CC_Aligned,0,0,0.8569,
1046,2.0,2.95,เกาหลีใต้,CC,CC_Aligned,0,0,0.8,
1047,2.0,3.15,เกาหลีใต้,CC,CC_Aligned,0,0,0.8002,
1048,1.916,2.433,ญี่ปุ่น,CC,CC_Aligned,0,0,0.6664,
1049,1.816,2.666,ญี่ปุ่น,CC,CC_Aligned,0,0,0.7996,
1050,2.416,4.333,มาเลเซีย,CC,CC_Aligned,0,0,1.0,
1051,1.816,4.0,อินโดนีเซีย,CC,CC_Aligned,0,0,1.0,
1052,1.533,2.666,อินโดนีเซีย,CC,CC_Aligned,0,0,0.6668,
1053,1.716,1.95,สิงคโปร์,CC,CC_Aligned,0,0,0.6664,
1054,1.716,2.766,ฟิลิปปินส์,CC,CC_Aligned,0,0,0.7135,
1055,1.916,4.1,อินเดีย,CC,CC_Aligned,0,0,1.0,
1056,2.216,2.433,อินเดีย,CC,CC_Aligned,0,0,0.6668,
1057,1.916,2.766,ศรีลังกา,CC,CC_Aligned,0,0,0.8332,
1058,1.883,3.016,ศรีลังกา,CC,CC_Aligned,0,0,0.8751,
1059,1.9,2.333,ปากีสถาน,CC,CC_Aligned,0,0,0.3335,
1060,2.1,3.383,มองโกเลีย,CC,CC_Aligned,0,0,0.7506,
1061,1.816,2.85,เนปาล,CC,CC_Aligned,0,0,0.8749,
1062,1.7,2.816,เนปาล,CC,CC_Aligned,0,0,1.0,
1063,1.75,1.9,บรูไน,CC,CC_Aligned,0,0,0.6665,
1064,2.216,4.033,อิหร่าน,CC,CC_Aligned,0,0,1.0,
1065,1.9,2.816,อิรัก,CC,CC_Aligned,0,0,1.0,
1066,1.75,4.383,คูเวต,CC,CC_Aligned,0,0,1.0,
1067,1.916,4.9,ซาอุดิอาระเบีย,CC,CC_Aligned,0,0,1.0,
1068,2.016,2.033,อิสราเอล,CC,CC_Aligned,0,0,1.0,
1069,1.5,2.8,อิสราเอล,CC,CC_Aligned,0,0,0.8578,
1070,2.083,4.033,ทวีปออสเตรเลีย,CC,CC_Aligned,0,0,1.0,
1071,1.783,2.883,ออสเตรเลีย,CC,CC_Aligned,0,0,1.0,
1072,2.4,3.583,ออสเตรเลีย,CC,CC_Aligned,0,0,1.0,
1073,1.9,3.683,นิวซีแลนด์,CC,CC_Aligned,0,0,0.8003,
1074,1.8,4.0,ทวีปยุโรป,CC,CC_Aligned,0,0,0.8877,
1075,1.9,3.683,สหราชอาณาจักร,CC,CC_Aligned,0,0,1.0,
1076,2.016,2.033,เยอรมนี,CC,CC_Aligned,0,0,0.4997,
1077,1.683,3.283,ฝรั่งเศส,CC,CC_Aligned,0,0,1.0,
1078,1.716,2.8,ฝรั่งเศส,CC,CC_Aligned,0,0,0.7994,
1079,1.8,3.083,อิตาลี,CC,CC_Aligned,0,0,1.0,
1080,1.616,2.85,สวิสเซอร์แลนด์,CC,CC_Aligned,0,0,0.7778,
1081,2.316,3.0,สวิสเซอร์แลนด์,CC,CC_Aligned,0,0,1.0,
1082,2.0,3.2,เบลเยียม,CC,CC_Aligned,0,0,1.0,
1083,1.8,2.333,เบลเยียม,CC,CC_Aligned,0,0,0.2004,
1084,2.183,3.416,เนเธอร์แลนด์,CC,CC_Aligned,0,0,0.8332,
1085,1.466,3.683,เนเธอร์แลนด์,CC,CC_Aligned,0,0,1.0,
1086,1.666,3.7,ออสเตรีย,CC,CC_Aligned,0,0,1.0,
1087,1.816,2.883,โปรตุเกส,CC,CC_Aligned,0,0,1.0,
1088,1.883,3.4,สเปน,CC,CC_Aligned,0,0,1.0,
1089,1.7,3.083,สเปน,CC,CC_Aligned,0,0,0.875,
1090,1.916,2.533,เดนมาร์ก,CC,CC_Aligned,0,0,1.0,
1091,1.7,4.016,เดนมาร์ก,CC,CC_Aligned,0,0,1.0,
1092,2.266,2.616,ฟินแลนด์,CC,CC_Aligned,0,0,0.6666,
1093,2.1,4.7,ฟินแลนด์,CC,CC_Aligned,0,0,1.0,
1094,1.716,2.983,สวีเดน,CC,CC_Aligned,0,0,0.8753,
1095,2.1,4.133,สวีเดน,CC,CC_Aligned,0,0,0.7143,
1096,1.8,2.6,นอร์เวย์,CC,CC_Aligned,0,0,0.7,
1097,2.35,4.816,นอร์เวย์,CC,CC_Aligned,0,0,1.0,
1098,2.0,3.883,รัสเซีย,CC,CC_Aligned,0,0,1.0,
1099,0.0,5.3,รัสเซีย,CC,CC_Aligned,0,0,,uniform_emb_missing
1100,1.816,4.6,ทวีปแอฟริกา,CC,CC_Aligned,0,0,1.0,
1101,2.183,3.533,แอฟริกาใต้,CC,CC_Aligned,0,0,1.0,
1102,1.966,3.233,แอฟริกาใต้,CC,CC_Aligned,0,0,0.7499,
1103,2.2,2.333,อียิปต์,CC,CC_Aligned,0,0,0.6666,
1104,2.0,4.516,ทวีปอเมริกา,CC,CC_Aligned,0,0,1.0,
1105,2.016,3.516,อเมริกาเหนือ,CC,CC_Aligned,0,0,0.8748,
1106,1.883,4.716,อเมริกากลาง,CC,CC_Aligned,0,0,1.0,
1107,2.216,2.233,อเมริกาใต้,CC,CC_Aligned,0,0,0.2005,
1108,0.45,0.566,แคนาดา,CC,CC_Aligned,0,0,0.2499,
1109,1.65,2.816,สหรัฐอเมริกา,CC,CC_Aligned,0,0,1.0,
1110,1.816,2.433,อาร์เจนตินา,CC,CC_Aligned,0,0,1.0,
1111,1.883,3.416,บราซิล,CC,CC_Aligned,0,0,0.7998,
1112,2.0,3.05,บราซิล,CC,CC_Aligned,0,0,1.0,
1113,2.1,2.566,วิชา,CC,CC_Aligned,0,0,0.666,
1114,1.716,3.516,ภาษามือไทย,CC,CC_Aligned,0,0,0.7501,
1115,2.816,4.283,ภาษาไทย,CC,CC_Aligned,0,0,1.0,
1116,2.5,4.45,ภาษาอังกฤษ,CC,CC_Aligned,0,0,0.9334,
1117,1.916,2.133,คณิตศาสตร์,CC,CC_Aligned,0,0,0.6664,
1118,1.866,3.433,วิทยาศาสตร์,CC,CC_Aligned,0,0,0.6619,
1119,1.916,3.716,ประวัติศาสตร์,CC,CC_Aligned,0,0,1.0,
1120,1.883,4.366,ภูมิศาสตร์,CC,CC_Aligned,0,0,1.0,
1121,1.8,3.866,สังคมศึกษา,CC,CC_Aligned,0,0,1.0,
1122,2.8,4.033,สุขศึกษา,CC,CC_Aligned,0,0,0.817,
1123,1.816,3.666,พลศึกษา,CC,CC_Aligned,0,0,1.0,
1124,1.883,2.816,กฎหมาย,CC,CC_Aligned,0,0,1.0,
1125,1.65,3.816,จิตวิทยา,CC,CC_Aligned,0,0,1.0,
1126,2.616,3.883,บัญชี,CC,CC_Aligned,0,0,1.0,
1127,2.016,4.55,คหกรรมศาสตร์,CC,CC_Aligned,0,0,0.6671,
1128,2.0,2.333,ศาสนา,CC,CC_Aligned,0,0,0.4998,
1129,2.55,3.816,พุทธศาสนา,CC,CC_Aligned,0,0,0.8002,
1130,2.0,3.716,การออกแบบ,CC,CC_Aligned,0,0,0.8001,
1131,1.683,2.9,สถาปัตยกรรมศาสตร์,CC,CC_Aligned,0,0,0.539,
1132,2.083,5.15,วิศวกรรมศาสตร์,CC,CC_Aligned,0,0,1.0,
