filename,fps
dZztN9Ewuzo-5-rgb_front.mp4,24.0
1DVNJsslUPw-5-rgb_front.mp4,24.0
09PTYSJ3dmA-8-rgb_front.mp4,24.0
0zD5Uh7S35A-5-rgb_front.mp4,24.0
1DHasvQymT4-5-rgb_front.mp4,24.0
C9ordUxwOEQ-5-rgb_front.mp4,24.0
1GOCWKAvuH8-5-rgb_front.mp4,24.0
0sPhvzvqXqY-8-rgb_front.mp4,24.0
3LtXtL6PX0Q-5-rgb_front.mp4,23.976
1Ty3qyrcp-I-5-rgb_front.mp4,30.0
g3PBeTb1TCw-3-rgb_front.mp4,24.0
2L0cIk45VhA-1-rgb_front.mp4,24.0
cZbKzFhPbsg-8-rgb_front.mp4,24.0
2G29ijsPVXI-5-rgb_front.mp4,23.976
0zvsqf23tmw-2-rgb_front.mp4,24.0
-cmG4MzqyjE-5-rgb_front.mp4,24.0
09KiqMdCSKc-8-rgb_front.mp4,24.0
aGITFRfpMJA-8-rgb_front.mp4,24.0
1-Y7znCfSNs-5-rgb_front.mp4,24.0
d_V_K6ziiNA-8-rgb_front.mp4,24.0
ahki1p2lqPI-8-rgb_front.mp4,23.976
F8eQI8E-6q4-5-rgb_front.mp4,24.0
02LnULLXds4-8-rgb_front.mp4,24.0
1sFvWxhzyJg-8-rgb_front.mp4,24.0
DQ-FXTeLKs8-5-rgb_front.mp4,23.976
21GuMyj5bUw-5-rgb_front.mp4,24.0
-BhMzw-Pem0-8-rgb_front.mp4,24.0
G3di9jJTqDs-5-rgb_front.mp4,24.0
476vh2-HlV0-5-rgb_front.mp4,24.0
1lmKfz4AyeQ-8-rgb_front.mp4,24.0
ERrylmFZEZM-5-rgb_front.mp4,23.976
bL2Lb4XEQdQ-9-rgb_front.mp4,24.0
3o7onKJWX7c-3-rgb_front.mp4,24.0
1rtpRuLChqk-8-rgb_front.mp4,30.0
E-YP10G7QdI-3-rgb_front.mp4,24.0
C0fPZgeY2rg-5-rgb_front.mp4,24.0
1rq9N3m6QR8-8-rgb_front.mp4,24.0
DQudsojO17s-8-rgb_front.mp4,24.0
1JfvA3hlnJs-5-rgb_front.mp4,60.0
1VrnikyRfO0-5-rgb_front.mp4,30.0
1yEMYc7n3dU-8-rgb_front.mp4,24.0
G1GUMky8kWc-2-rgb_front.mp4,30.0
cKW0IfaDisU-3-rgb_front.mp4,24.0
0v9VjQEbbl8-8-rgb_front.mp4,24.0
199hEEkd1aU-8-rgb_front.mp4,24.0
CzkLI34HFIg-5-rgb_front.mp4,24.0
FzAIlhumvMA-2-rgb_front.mp4,24.0
EN_Lv4gfL_A-8-rgb_front.mp4,24.0
-Db1NJJFmVI-8-rgb_front.mp4,24.0
BiBFHSdmhrM-5-rgb_front.mp4,24.0
1-Ud-q4y1oc-5-rgb_front.mp4,24.0
1rR7qTEfD-4-8-rgb_front.mp4,24.0
aF2UwmXKdI4-5-rgb_front.mp4,23.976
1EHuon_W9C8-3-rgb_front.mp4,24.0
btwQXw3e8G8-8-rgb_front.mp4,60.0
37dhRkNvV0M-8-rgb_front.mp4,24.0
FgGpmFW4vvk-5-rgb_front.mp4,24.0
eGHj55105uM-5-rgb_front.mp4,24.0
1YZI_p9Xbh8-8-rgb_front.mp4,24.0
G-0gYel1YA8-2-rgb_front.mp4,24.0
FQqIi37HCq0-5-rgb_front.mp4,24.0
195T2UrPC8s-8-rgb_front.mp4,24.0
1IHiA_6XXrI-5-rgb_front.mp4,60.0
0og2_UjYWyg-5-rgb_front.mp4,24.0
FBSO2ja6XpE-5-rgb_front.mp4,24.0
3EjKvwck6ss-1-rgb_front.mp4,24.0
EsJY3ApXuEM-5-rgb_front.mp4,24.0
3i7jJ7Jll5o-5-rgb_front.mp4,24.0
0IsoobG67PY-5-rgb_front.mp4,24.0
bbGZcyIMvCI-2-rgb_front.mp4,24.0
G2sD7N53ju8-5-rgb_front.mp4,30.0
08nsvHZLNfE-5-rgb_front.mp4,24.0
EQWFrWeRVjQ-3-rgb_front.mp4,24.0
g3BsH_C3u7Y-3-rgb_front.mp4,24.0
BRBt1zOfZnc-3-rgb_front.mp4,24.0
E-njnp8kIXA-5-rgb_front.mp4,23.976
BlsY_rv3ya0-8-rgb_front.mp4,24.0
0-bR2rq-qps-5-rgb_front.mp4,24.0
dnzYz8sZHSg-1-rgb_front.mp4,24.0
5VX_yUTOwcU-3-rgb_front.mp4,24.0
fGOgdMxbrbk-3-rgb_front.mp4,24.0
03xD5BhCG94-8-rgb_front.mp4,24.0
1LgVgklOYCQ-5-rgb_front.mp4,24.0
2i72vxkUJAs-5-rgb_front.mp4,24.0
f_zna_wG3zo-5-rgb_front.mp4,24.0
1F1WadkaAcI-5-rgb_front.mp4,24.0
5_w9QWHoI1E-8-rgb_front.mp4,24.0
ELjAzrkPx0s-5-rgb_front.mp4,24.0
1S1JzjPJGp0-5-rgb_front.mp4,24.0
1fZfM65z0zk-8-rgb_front.mp4,24.0
1eZfIr9oNZo-8-rgb_front.mp4,60.0
ChTrqV8j3Fk-8-rgb_front.mp4,24.0
-06_nJnhORg-5-rgb_front.mp4,23.976
dpmvQ0Alr_4-8-rgb_front.mp4,24.0
d-wjMWfpeZc-5-rgb_front.mp4,24.0
-3H_cIPcw5w-5-rgb_front.mp4,23.976
3uWEhIUwMrY-8-rgb_front.mp4,23.976
_20g7MG8K1U-8-rgb_front.mp4,24.0
eUgIpi7-Aqo-8-rgb_front.mp4,24.0
5newWSXJB1I-8-rgb_front.mp4,24.0
1spCnuBmWYk-8-rgb_front.mp4,24.0
0CX_8jyojDc-8-rgb_front.mp4,24.0
3qf2Ggfmlf4-5-rgb_front.mp4,24.0
3C3mfkMNy-Y-5-rgb_front.mp4,24.0
1awFFHJpOoU-8-rgb_front.mp4,24.0
1Q7oQwL6QaQ-8-rgb_front.mp4,24.0
0t_nltnZdsg-8-rgb_front.mp4,24.0
3TrDv2IX-cY-5-rgb_front.mp4,24.0
2Az2H4I1v2I-1-rgb_front.mp4,24.0
g3jQ5ecjGz8-3-rgb_front.mp4,24.0
1mwoIGLRHck-11-rgb_front.mp4,24.0
g2o-GFdGOJE-3-rgb_front.mp4,24.0
1NuRoCJdJM4-8-rgb_front.mp4,24.0
FzoUVr98JmQ-8-rgb_front.mp4,24.0
1bYIR6SR9Qs-8-rgb_front.mp4,24.0
coyY7sDvMac-8-rgb_front.mp4,50.0
1hB73-7GUFw-5-rgb_front.mp4,24.0
E3r2mQix7Uo-5-rgb_front.mp4,24.0
fZK9hW81XCU-10-rgb_front.mp4,24.0
FWxpecaJ2mA-5-rgb_front.mp4,24.0
bfNbGx1yLdE-4-rgb_front.mp4,24.0
-b44ieHORm4-5-rgb_front.mp4,24.0
aSfclJczBL4-8-rgb_front.mp4,24.0
1MvVj9F775U-5-rgb_front.mp4,24.0
0v1XIVZ_GzM-8-rgb_front.mp4,24.0
dtFZRmK3tro-8-rgb_front.mp4,24.0
C7IMvM4BwI8-8-rgb_front.mp4,24.0
eK4B85cNKOo-8-rgb_front.mp4,24.0
-916rCqIrfY-5-rgb_front.mp4,24.0
cw66nEbqw2w-9-rgb_front.mp4,24.0
2-JvO5SCsCc-8-rgb_front.mp4,24.0
1FGZO3MoD0s-5-rgb_front.mp4,24.0
0vygqtVIP-s-8-rgb_front.mp4,50.0
1FClPh-OBvw-5-rgb_front.mp4,24.0
22yOjQqOb-k-5-rgb_front.mp4,24.0
1iQ5DtFbgT4-8-rgb_front.mp4,24.0
c4Az5nStT7I-2-rgb_front.mp4,24.0
C_DbdCYZc5s-5-rgb_front.mp4,24.0
-8tIt1vEinQ-8-rgb_front.mp4,24.0
bALpZEr8flU-8-rgb_front.mp4,24.0
EBmoqACA2tE-8-rgb_front.mp4,24.0
dkJRO_I7d3Q-8-rgb_front.mp4,24.0
-B0GueDqaoY-8-rgb_front.mp4,24.0
1oXGJIpW3h8-11-rgb_front.mp4,24.0
2-2lfoZ24hE-8-rgb_front.mp4,24.0
5pvdT18f92A-8-rgb_front.mp4,24.0
5Oq-F-EC_pU-8-rgb_front.mp4,23.976
1TouL5IyldE-5-rgb_front.mp4,24.0
b11STwEhshU-5-rgb_front.mp4,24.0
0txiLtDYAZk-11-rgb_front.mp4,24.0
FeiXGQ4f1xY-9-rgb_front.mp4,24.0
2-8SiQSW9oU-8-rgb_front.mp4,24.0
37dhRkNvV0M-5-rgb_front.mp4,24.0
cYTNoYFqyc0-8-rgb_front.mp4,24.0
4C6UadTF65I-5-rgb_front.mp4,24.0
0JLA3FdXedM-5-rgb_front.mp4,24.0
1EEgqE9W4k8-3-rgb_front.mp4,24.0
1_N0Aq04tRA-8-rgb_front.mp4,24.0
0EZaw5V-LfU-11-rgb_front.mp4,24.0
3-zQaHVXTsI-8-rgb_front.mp4,23.976
-9GV_-VRpt8-8-rgb_front.mp4,24.0
CTERDLghzFw-8-rgb_front.mp4,60.0
1_04cx7YyTg-8-rgb_front.mp4,24.0
1XzuqBmJxK4-8-rgb_front.mp4,24.0
1bziHM2QeX8-8-rgb_front.mp4,24.0
ad4_GWc5XRo-8-rgb_front.mp4,24.0
DKGsr1JDrf4-5-rgb_front.mp4,24.0
Fw5oYBjjmSI-5-rgb_front.mp4,24.0
1FStJdud1lQ-5-rgb_front.mp4,24.0
DWkPtTMVx7w-8-rgb_front.mp4,24.0
G2T2WCuU39Y-10-rgb_front.mp4,23.976
_Dh512GX6d8-8-rgb_front.mp4,24.0
11YPOdiY44o-8-rgb_front.mp4,24.0
BrinTPjveZY-3-rgb_front.mp4,24.0
g3ushtMfLiY-3-rgb_front.mp4,24.0
36xBmAZNzRg-5-rgb_front.mp4,24.0
CXf8I9XN144-3-rgb_front.mp4,24.0
Cssfh2Ujyxw-5-rgb_front.mp4,23.976
fZq8wTAYtmw-8-rgb_front.mp4,24.0
CgYzSOc41Mc-5-rgb_front.mp4,24.0
1QeMNh_DAqo-5-rgb_front.mp4,24.0
EQ4tPCXpWsg-8-rgb_front.mp4,24.0
1rT2MDvamqU-8-rgb_front.mp4,24.0
ETOZLBScxWY-5-rgb_front.mp4,24.0
blRbyoIFBss-5-rgb_front.mp4,24.0
1835p3jEejw-8-rgb_front.mp4,24.0
CGZohl-yQ4I-3-rgb_front.mp4,24.0
1PCzfhknC_s-8-rgb_front.mp4,24.0
3fizqVMucs4-5-rgb_front.mp4,23.976
C9oP_Vhf-5E-3-rgb_front.mp4,24.0
BZqXT5UYUD8-5-rgb_front.mp4,24.0
5Z8xrAeHsNM-8-rgb_front.mp4,24.0
1olaFIqQ10A-8-rgb_front.mp4,24.0
aFIzcs0uO6U-8-rgb_front.mp4,24.0
bWmqBLmHqUY-8-rgb_front.mp4,24.0
1p2RAtkTCxY-11-rgb_front.mp4,24.0
Ecvmz6alyBg-8-rgb_front.mp4,24.0
D_w6T4nO-KA-8-rgb_front.mp4,24.0
b29zLYHSim0-9-rgb_front.mp4,23.976
1s3UAxaRWbI-8-rgb_front.mp4,23.976
0AL_w4FP-vA-8-rgb_front.mp4,24.0
_ci1ieBsGVw-8-rgb_front.mp4,24.0
1Ibh1eWsoug-5-rgb_front.mp4,24.0
eUMcnlp5jNs-5-rgb_front.mp4,60.0
0KU13AH-7bQ-5-rgb_front.mp4,24.0
11JT4jRNI-o-2-rgb_front.mp4,30.0
1aRNY8wFqa0-8-rgb_front.mp4,24.0
FnLCL8TUVJA-8-rgb_front.mp4,24.0
aPlDljTG2Bo-1-rgb_front.mp4,24.0
dvbjlbs5rm0-2-rgb_front.mp4,24.0
-_Ephr_gwwc-8-rgb_front.mp4,24.0
g2eTD-1Jcro-3-rgb_front.mp4,24.0
1EQgj8syKug-5-rgb_front.mp4,24.0
EMi4hyW42Fs-5-rgb_front.mp4,24.0
2Z3CpALUO9o-8-rgb_front.mp4,24.0
D9gCaLiAB4c-11-rgb_front.mp4,24.0
2JpUMNLreN4-5-rgb_front.mp4,23.976
1rc77BaY7jg-8-rgb_front.mp4,24.0
0EhQlUjX9Q8-3-rgb_front.mp4,24.0
g0UUmEkoT1w-8-rgb_front.mp4,24.0
EsiznYw5CVA-5-rgb_front.mp4,24.0
g0TkUiO7t4I-8-rgb_front.mp4,24.0
1eCzLIfdH2o-8-rgb_front.mp4,24.0
06St8W_JHok-5-rgb_front.mp4,24.0
-fC91WQRXio-3-rgb_front.mp4,24.0
-70D86eMmIc-5-rgb_front.mp4,23.976
G3VM7etNABI-10-rgb_front.mp4,24.0
FW1gcMU_joc-5-rgb_front.mp4,24.0
FwzMVoMhM8Q-8-rgb_front.mp4,24.0
1f-Aw3Mq894-8-rgb_front.mp4,24.0
dzctDQsw2dk-8-rgb_front.mp4,24.0
1RvUSobtOfk-5-rgb_front.mp4,24.0
1DGKsqNpFqs-5-rgb_front.mp4,24.0
EDwjk7W45lo-8-rgb_front.mp4,24.0
1cDoGd8wPfw-5-rgb_front.mp4,24.0
1-QN6nnXLmg-5-rgb_front.mp4,24.0
2qocWX8zNpc-5-rgb_front.mp4,24.0
fZIHe3dXPR0-8-rgb_front.mp4,24.0
15-Lma3_mQ4-8-rgb_front.mp4,24.0
G2kVb4gINSI-5-rgb_front.mp4,24.0
4U57Q4XIfoM-8-rgb_front.mp4,24.0
g3DkYITeIy0-3-rgb_front.mp4,24.0
22TQP3BhbnI-5-rgb_front.mp4,24.0
cC5RFhOB1Gk-5-rgb_front.mp4,24.0
0EXgSf1yN-0-8-rgb_front.mp4,24.0
0za4Bypd9Y8-5-rgb_front.mp4,24.0
1hpps7Dqdio-8-rgb_front.mp4,60.0
C3W-CV8OHZ4-3-rgb_front.mp4,24.0
EI6DNHOvn40-8-rgb_front.mp4,24.0
G3di9jJTqDs-10-rgb_front.mp4,24.0
1mcmnmxg64U-8-rgb_front.mp4,24.0
fHT1NhNUono-8-rgb_front.mp4,24.0
53azmnNFcPQ-5-rgb_front.mp4,24.0
3ddzkmFPEBU-1-rgb_front.mp4,30.0
1QJtPze0F3k-8-rgb_front.mp4,24.0
cZhGkz4jNnk-8-rgb_front.mp4,24.0
DDSIJfTOlBE-8-rgb_front.mp4,24.0
0Klw2OYcfoE-5-rgb_front.mp4,24.0
a6BASjKKw1U-5-rgb_front.mp4,24.0
-3sFcDBFxc8-5-rgb_front.mp4,23.976
b4WYMWXVP5A-5-rgb_front.mp4,24.0
bgGB_uXI5Sc-8-rgb_front.mp4,24.0
13Omn2P3DcA-8-rgb_front.mp4,24.0
D2nOIpFXjYE-5-rgb_front.mp4,23.976
09cQe0gC2-0-8-rgb_front.mp4,24.0
1_udNnVFDp4-8-rgb_front.mp4,24.0
bIUmw2DVW7Q-3-rgb_front.mp4,24.0
1IYEEiLMaa8-5-rgb_front.mp4,24.0
1LEWQlRiIDg-5-rgb_front.mp4,24.0
4XAeTaoXAa0-5-rgb_front.mp4,24.0
exoR8fu9q4M-8-rgb_front.mp4,24.0
alsOytcPxas-8-rgb_front.mp4,24.0
aWHvLSxSrck-8-rgb_front.mp4,24.0
16W1jnZzfi4-8-rgb_front.mp4,24.0
-AP1d_fHmeM-8-rgb_front.mp4,24.0
aGITk8jgtwQ-5-rgb_front.mp4,24.0
fHPQ0WYfLmI-5-rgb_front.mp4,24.0
1Qz0SIXS3no-5-rgb_front.mp4,24.0
-f0h1J3POAg-5-rgb_front.mp4,24.0
FStKSCmBx00-4-rgb_front.mp4,24.0
FZrWOf-oGDk-8-rgb_front.mp4,24.0
1wefeqn5EMk-8-rgb_front.mp4,24.0
FzmL8SL6Bow-8-rgb_front.mp4,24.0
FOHNo-685Bw-5-rgb_front.mp4,24.0
DrZTDpIH7bk-5-rgb_front.mp4,23.976
1VbIAziTNoE-5-rgb_front.mp4,30.0
_2FBDaOPYig-3-rgb_front.mp4,24.0
DUARl5i9XQ8-5-rgb_front.mp4,23.976
5GF2D_lAus4-8-rgb_front.mp4,23.976
1J-XWwbc53M-5-rgb_front.mp4,24.0
cEmmjObvNZE-5-rgb_front.mp4,24.0
1YAa5_d-zg0-8-rgb_front.mp4,24.0
ElkLut10fCQ-8-rgb_front.mp4,24.0
-eryXkkckv8-5-rgb_front.mp4,24.0
fxIoWLKHOuo-3-rgb_front.mp4,24.0
05snMPwCV98-5-rgb_front.mp4,24.0
3GKsjSStbaE-8-rgb_front.mp4,24.0
C88yVO-7XzA-3-rgb_front.mp4,24.0
-BrxzwEb3E8-8-rgb_front.mp4,24.0
40JRPcYZkWg-1-rgb_front.mp4,24.0
03lzv6OzJhE-8-rgb_front.mp4,24.0
0Esq_TAc-1Y-5-rgb_front.mp4,24.0
cOQgnuYJzyw-8-rgb_front.mp4,24.0
-08ZGCviCm4-5-rgb_front.mp4,23.976
caemC6eC3qc-8-rgb_front.mp4,24.0
-8EJ9aomFAc-8-rgb_front.mp4,24.0
4BZVj8FDDvY-8-rgb_front.mp4,24.0
fE6xxSbjVV8-8-rgb_front.mp4,24.0
D1oFZIWbw_0-8-rgb_front.mp4,24.0
01j1UveqztE-3-rgb_front.mp4,24.0
-9KqRMBAAsA-3-rgb_front.mp4,24.0
18PiUlfjLEQ-2-rgb_front.mp4,24.0
1jzQa7PnItU-3-rgb_front.mp4,24.0
1qQEz4pbQkM-11-rgb_front.mp4,24.0
48hXSSOwsNE-2-rgb_front.mp4,24.0
BvrPJdRBNp8-3-rgb_front.mp4,24.0
59xX5JTRuk4-8-rgb_front.mp4,24.0
3sZjSNcqXpI-1-rgb_front.mp4,24.0
Ck9byvklv-M-3-rgb_front.mp4,24.0
395INfhRQB8-8-rgb_front.mp4,24.0
fzXgYPSnaDs-8-rgb_front.mp4,24.0
13SBIjnC5qA-8-rgb_front.mp4,24.0
3BMKbpgned0-3-rgb_front.mp4,24.0
CIYvZ8ZTifY-1-rgb_front.mp4,30.0
1QmgK8f5JnY-1-rgb_front.mp4,24.0
48Hj_AyP3Fk-2-rgb_front.mp4,24.0
16y-dsX1MDk-8-rgb_front.mp4,24.0
FcWLrY8-XWs-8-rgb_front.mp4,24.0
1A8BFSmdCoU-8-rgb_front.mp4,24.0
0tyxKl8Uzy4-8-rgb_front.mp4,24.0
C7hSO0aZSFA-8-rgb_front.mp4,24.0
FKiT39gL9Jc-8-rgb_front.mp4,24.0
Bh1nzi3BHMQ-8-rgb_front.mp4,24.0
COKcDItUTA8-8-rgb_front.mp4,60.0
_dEzY_nBD4g-8-rgb_front.mp4,24.0
ca1_W8LZUmA-5-rgb_front.mp4,24.0
08hX7LrGPZQ-5-rgb_front.mp4,24.0
1IKLsLfTtLs-5-rgb_front.mp4,60.0
0-0kX3XoMPQ-3-rgb_front.mp4,24.0
1KXI9v9nwz4-5-rgb_front.mp4,24.0
Dh9XkH0EOMA-8-rgb_front.mp4,24.0
1YKBEpMNuWE-8-rgb_front.mp4,24.0
0y8f5eLbPho-5-rgb_front.mp4,24.0
bz-afk_q_1w-5-rgb_front.mp4,24.0
Fw2DNP8_qo8-8-rgb_front.mp4,24.0
celb3UJ9_Ko-8-rgb_front.mp4,24.0
EPayNV0Nmqk-5-rgb_front.mp4,24.0
-CBJ6FWZl08-8-rgb_front.mp4,24.0
12Y6ujgJ_2Q-8-rgb_front.mp4,30.0
1h3mvQDZnBw-8-rgb_front.mp4,24.0
02M-Xcs3X30-3-rgb_front.mp4,24.0
FmLw7W6Y35A-8-rgb_front.mp4,24.0
1GjvLelvNE0-5-rgb_front.mp4,24.0
eXgUJuEhrY0-5-rgb_front.mp4,24.0
0pKzG0RRUz4-1-rgb_front.mp4,24.0
ahFPP9GYuHE-8-rgb_front.mp4,24.0
1TUhpDtbOck-5-rgb_front.mp4,24.0
0Fqav67TDEw-11-rgb_front.mp4,24.0
11iwFCSB038-8-rgb_front.mp4,30.0
-EjG3LCcwEI-8-rgb_front.mp4,24.0
B_tPIrQM91w-8-rgb_front.mp4,23.976
0GwSyviALiU-11-rgb_front.mp4,24.0
12Q2z61azPg-8-rgb_front.mp4,24.0
2ZOSvpNBx5M-3-rgb_front.mp4,24.0
b3oisnNQnFM-8-rgb_front.mp4,24.0
1jJ4Ez4wy1g-8-rgb_front.mp4,24.0
19loES0r7_4-8-rgb_front.mp4,24.0
G3RvsnzQrXQ-5-rgb_front.mp4,24.0
1Vxwre210Oc-5-rgb_front.mp4,30.0
1QcVn72JzLw-5-rgb_front.mp4,24.0
dS9mMXiUnkQ-5-rgb_front.mp4,24.0
1k_zOkhoyJE-8-rgb_front.mp4,24.0
DUibfm91PN0-8-rgb_front.mp4,24.0
edhG6Fflhtg-8-rgb_front.mp4,23.976
44Qq77fK4ew-3-rgb_front.mp4,24.0
e9KEGfUEhMk-5-rgb_front.mp4,24.0
CylhtiqMiTc-8-rgb_front.mp4,24.0
DX3KWLldIJc-8-rgb_front.mp4,24.0
22OyLDVZI6c-5-rgb_front.mp4,24.0
1JpaOtF69BM-3-rgb_front.mp4,24.0
1D7QvuVvBpY-5-rgb_front.mp4,24.0
1_gd9m2tKvQ-8-rgb_front.mp4,23.976
anxhVQxvPGs-5-rgb_front.mp4,24.0
DDbXcFzIXH4-8-rgb_front.mp4,24.0
ewTRUmG6X3g-8-rgb_front.mp4,24.0
g2nvBjp0loQ-3-rgb_front.mp4,24.0
0zG5l_e5sKU-5-rgb_front.mp4,24.0
DsbLRAdnEHM-5-rgb_front.mp4,24.0
-_6Fmz29bhU-1-rgb_front.mp4,24.0
5VseAeFbfgI-8-rgb_front.mp4,24.0
-cSzPRipb94-5-rgb_front.mp4,24.0
1T7lJGCShG0-5-rgb_front.mp4,24.0
204pffNcQbc-8-rgb_front.mp4,30.0
2kOoZjewAkY-8-rgb_front.mp4,24.0
BbD_TFIveK8-8-rgb_front.mp4,24.0
-96cWDhR4hc-5-rgb_front.mp4,24.0
3CrOUbBvRkQ-5-rgb_front.mp4,60.0
br-gJiD-YfA-5-rgb_front.mp4,24.0
1pPAkrfqnHg-8-rgb_front.mp4,24.0
1UE7-4mORi0-5-rgb_front.mp4,24.0
g0fgci8L_rc-8-rgb_front.mp4,24.0
1SPQ72XcQ6U-5-rgb_front.mp4,24.0
g2wUCRRni28-3-rgb_front.mp4,24.0
dH0pIsPTIug-8-rgb_front.mp4,24.0
1iJg1Tm5Q1w-8-rgb_front.mp4,60.0
1ed8Dw0Kou8-8-rgb_front.mp4,24.0
22BmeZR4eOk-5-rgb_front.mp4,24.0
1oJm9P-j4pc-11-rgb_front.mp4,24.0
aAxwZVOGyXs-5-rgb_front.mp4,23.976
DoASe1QfXuI-3-rgb_front.mp4,24.0
5x3CorS_t30-5-rgb_front.mp4,24.0
_BOJ9cYPRe4-8-rgb_front.mp4,24.0
1OzBoBBc4bw-8-rgb_front.mp4,24.0
14ZYG0hU6G8-8-rgb_front.mp4,24.0
fFc9HA0XHvY-5-rgb_front.mp4,24.0
G3gm_C5UueQ-5-rgb_front.mp4,24.0
-6YYqn8lplg-5-rgb_front.mp4,23.976
3NxjaQtJT4A-5-rgb_front.mp4,24.0
EfHyeua7X_w-8-rgb_front.mp4,24.0
14_GpqYx36s-8-rgb_front.mp4,24.0
2-c2l2JnRBU-8-rgb_front.mp4,24.0
1G8LIWgKLME-2-rgb_front.mp4,60.0
07HhpnroTXs-5-rgb_front.mp4,24.0
bP8YvikdELg-5-rgb_front.mp4,24.0
bunoLSdIKXo-8-rgb_front.mp4,24.0
14z8c3QqV0E-8-rgb_front.mp4,24.0
-3bw4dQEyF8-5-rgb_front.mp4,23.976
0DU7wWLK-QU-8-rgb_front.mp4,24.0
CjdCPLmzmc0-3-rgb_front.mp4,24.0
fzOH00UZg84-5-rgb_front.mp4,24.0
FkXTd89z44o-5-rgb_front.mp4,23.976
DEdVsXBut4I-5-rgb_front.mp4,24.0
ah-PM4tolJ4-5-rgb_front.mp4,24.0
1ljAz5cBwjQ-1-rgb_front.mp4,24.0
0vDLEn7zVUA-8-rgb_front.mp4,24.0
0wKEr2yTE2g-8-rgb_front.mp4,24.0
1cJeKNsDit4-8-rgb_front.mp4,24.0
5myLxfF9NWM-8-rgb_front.mp4,24.0
2qYc4PAW72o-8-rgb_front.mp4,23.976
1P6n7Tv8oco-8-rgb_front.mp4,24.0
1naXxInoJBU-8-rgb_front.mp4,24.0
1Tvy-LEjj0w-5-rgb_front.mp4,30.0
bjQrRezhvQU-1-rgb_front.mp4,24.0
5wmHJ2neRQQ-5-rgb_front.mp4,50.0
5qji7JFwR3M-8-rgb_front.mp4,24.0
-aIcS__ed0M-8-rgb_front.mp4,24.0
g0S7FAqIweA-8-rgb_front.mp4,24.0
BFTBP-LfR0A-8-rgb_front.mp4,24.0
DEFRl-3IycE-5-rgb_front.mp4,24.0
22Z4wVfh0m0-5-rgb_front.mp4,24.0
Eeg85JitLz0-3-rgb_front.mp4,24.0
_FTTCZOoBHg-8-rgb_front.mp4,24.0
g3ZgF8gdfLo-3-rgb_front.mp4,24.0
ENBcYRl4X3Y-8-rgb_front.mp4,24.0
fDph69wPVBA-8-rgb_front.mp4,24.0
dlXnxaYWr9w-1-rgb_front.mp4,24.0
1UAQ4pUqRwo-3-rgb_front.mp4,24.0
3-fARE8grc0-8-rgb_front.mp4,23.976
C6fVNI9QLYU-5-rgb_front.mp4,24.0
Fe3fHJM12gc-5-rgb_front.mp4,24.0
1TA-Rdz7HfY-5-rgb_front.mp4,24.0
22iGdujk5HE-5-rgb_front.mp4,24.0
19f_ac2f2C8-8-rgb_front.mp4,24.0
byClH8sN7Wg-8-rgb_front.mp4,24.0
b-ATx2kXGCY-3-rgb_front.mp4,60.0
CeKujp1wr9o-5-rgb_front.mp4,24.0
1menLPb7ysc-11-rgb_front.mp4,24.0
0tKYBKBXuv0-8-rgb_front.mp4,24.0
0v5btE6B2xQ-8-rgb_front.mp4,24.0
eQK8aUVlgXw-5-rgb_front.mp4,24.0
dm6VDCPd6J4-5-rgb_front.mp4,24.0
-b7KlePxsAs-8-rgb_front.mp4,23.976
103cPOARuE0-5-rgb_front.mp4,24.0
0tbZoN0v4OE-8-rgb_front.mp4,24.0
-AVtT8Kl-fs-8-rgb_front.mp4,24.0
1m26k_CAHlQ-8-rgb_front.mp4,24.0
cHFW_U9e4sM-8-rgb_front.mp4,24.0
bcM7xvycZAs-8-rgb_front.mp4,24.0
cw5evdziBB4-8-rgb_front.mp4,24.0
a4Nxq0QV_WA-5-rgb_front.mp4,24.0
aUNq3KEIP-M-8-rgb_front.mp4,24.0
17ayMGoQfKw-8-rgb_front.mp4,24.0
2b7oGpPlAuM-5-rgb_front.mp4,24.0
1ZG5sQ4Eymg-3-rgb_front.mp4,30.0
-00cp1iGiDw-5-rgb_front.mp4,23.976
0AhtD4UPpJQ-5-rgb_front.mp4,24.0
1Th9xt0UCkE-5-rgb_front.mp4,24.0
1Y3Ruxz7AUw-8-rgb_front.mp4,24.0
F5zIuQnrWNc-5-rgb_front.mp4,24.0
EmxarfGOKd0-8-rgb_front.mp4,24.0
-88OcTs9MPs-8-rgb_front.mp4,24.0
bUM8cFhqG64-8-rgb_front.mp4,24.0
11G4WcABMWQ-8-rgb_front.mp4,24.0
14fTPEpnW6s-8-rgb_front.mp4,24.0
1YR0GF3vd4w-8-rgb_front.mp4,24.0
12Awan9AIs4-8-rgb_front.mp4,24.0
aAJxGyiEEHU-5-rgb_front.mp4,24.0
0I9Ks-BPfDs-5-rgb_front.mp4,24.0
C6PUJUccUwk-5-rgb_front.mp4,24.0
f8ShD9YwEfo-2-rgb_front.mp4,24.0
c55CH96JXyg-8-rgb_front.mp4,24.0
11pWSXWId2A-8-rgb_front.mp4,24.0
aty4pljzC1I-4-rgb_front.mp4,24.0
0pKzG0RRUz4-2-rgb_front.mp4,24.0
1l6MC-9BQa0-5-rgb_front.mp4,60.0
1lR7MGvcZ_U-8-rgb_front.mp4,24.0
2bmQGJTwp3g-8-rgb_front.mp4,23.976
a9CgIaOL6WQ-5-rgb_front.mp4,24.0
1iNZfYho0yc-11-rgb_front.mp4,24.0
0rsdwK7sHjE-5-rgb_front.mp4,24.0
CgyzNU5IMtQ-4-rgb_front.mp4,24.0
2-u7JiruMzo-8-rgb_front.mp4,24.0
BsiR_MleDvc-5-rgb_front.mp4,24.0
BQoH1leUUlk-5-rgb_front.mp4,24.0
1g8yWLfws8I-8-rgb_front.mp4,24.0
1g93sGtZViI-8-rgb_front.mp4,24.0
1jeK8PkhsR4-8-rgb_front.mp4,60.0
BpYDl3AO4B8-1-rgb_front.mp4,24.0
a5yNwUSiYpA-3-rgb_front.mp4,24.0
dEimfSueTwk-5-rgb_front.mp4,24.0
1imaK8eDk5Q-8-rgb_front.mp4,24.0
1YUEFVWWCpc-8-rgb_front.mp4,24.0
1YeCndpqV50-8-rgb_front.mp4,24.0
1RKg0FfW0To-5-rgb_front.mp4,24.0
eOCzDL-1dOw-1-rgb_front.mp4,24.0
1Y3zGxJShdA-8-rgb_front.mp4,24.0
d_0dt3VdYCo-8-rgb_front.mp4,24.0
D4OcStBGJEU-8-rgb_front.mp4,24.0
21mLnyovKkE-5-rgb_front.mp4,24.0
abCTdCOQjEQ-5-rgb_front.mp4,24.0
1CZBTc6jzCs-5-rgb_front.mp4,24.0
fyyg6UCc-nI-5-rgb_front.mp4,24.0
2Sk_fki9ZOg-3-rgb_front.mp4,24.0
1cSjZ5kNZw8-8-rgb_front.mp4,24.0
-eKw7cELh_E-5-rgb_front.mp4,24.0
f49dpJCNEfQ-5-rgb_front.mp4,24.0
077IIb5uuCs-5-rgb_front.mp4,60.0
eKWP0Bql7g4-8-rgb_front.mp4,24.0
1KOaXtk32g4-5-rgb_front.mp4,24.0
1UG52nvLLVA-5-rgb_front.mp4,24.0
ChWHBubzC3E-8-rgb_front.mp4,24.0
3FJsNfuPILA-8-rgb_front.mp4,24.0
darV50MH6vc-8-rgb_front.mp4,24.0
bUZZ_dE8kbs-8-rgb_front.mp4,24.0
311BWiTLG-I-8-rgb_front.mp4,24.0
2YRCf37JylI-8-rgb_front.mp4,23.976
-0yRaqY7nTE-5-rgb_front.mp4,23.976
1NsGTF3dlIo-8-rgb_front.mp4,24.0
46ambgo7EyY-3-rgb_front.mp4,24.0
BijxDWaiuE8-8-rgb_front.mp4,24.0
1cZcma6WzEg-8-rgb_front.mp4,24.0
0seuqtcVF_E-5-rgb_front.mp4,24.0
DD8ux-rdam4-8-rgb_front.mp4,24.0
BJ8iJ9ps2NY-8-rgb_front.mp4,24.0
0pCWadlP-9Q-8-rgb_front.mp4,24.0
06bQ_DxQGJU-5-rgb_front.mp4,60.0
1QBezkHsXd4-8-rgb_front.mp4,24.0
G2VzB5-JkRA-5-rgb_front.mp4,24.0
0GPQtW2tlvw-8-rgb_front.mp4,24.0
G095RWKQ39g-1-rgb_front.mp4,30.0
5XSD1NAFaxA-8-rgb_front.mp4,30.0
bUFsn9GQsCg-8-rgb_front.mp4,24.0
EbGnmoS4D4U-8-rgb_front.mp4,24.0
a0lZW6Lo7jw-8-rgb_front.mp4,24.0
EUX-PNdmh-g-5-rgb_front.mp4,24.0
-7BtY3iQIdo-8-rgb_front.mp4,24.0
2XzcMIKRN8Y-5-rgb_front.mp4,24.0
4OJs5bqKLio-5-rgb_front.mp4,24.0
EYFKrcEtyy8-3-rgb_front.mp4,24.0
006LlgDKKGM-5-rgb_front.mp4,24.0
f6rSeB4glE8-8-rgb_front.mp4,24.0
amLBHkcnUwE-3-rgb_front.mp4,60.0
1SokWkmngI8-5-rgb_front.mp4,24.0
0xVO71Gc-ZA-5-rgb_front.mp4,24.0
dz1K0E0eewQ-5-rgb_front.mp4,24.0
03513v6_5TU-8-rgb_front.mp4,24.0
Es5VTK3IOv0-5-rgb_front.mp4,24.0
1d3UApdR58M-8-rgb_front.mp4,24.0
5wuZyWxHXD0-8-rgb_front.mp4,24.0
DlfWkmIQFsA-5-rgb_front.mp4,24.0
dBIPltG0S5k-8-rgb_front.mp4,24.0
DdzxfgB4W2c-5-rgb_front.mp4,24.0
3ntc51P5qjI-8-rgb_front.mp4,24.0
csEuySpZgAo-5-rgb_front.mp4,24.0
G2T2WCuU39Y-5-rgb_front.mp4,24.0
DV0RkzXMDQc-5-rgb_front.mp4,23.976
14klV5a4_Rg-8-rgb_front.mp4,24.0
FC1L5gtPmkU-8-rgb_front.mp4,24.0
bYiJSQI2Wzs-8-rgb_front.mp4,24.0
02yXvi1VmPI-8-rgb_front.mp4,24.0
1eGSa8J2kko-8-rgb_front.mp4,60.0
02aFykvwx6M-8-rgb_front.mp4,24.0
DpR_FCiPIBA-1-rgb_front.mp4,24.0
F56XdIDaTVE-5-rgb_front.mp4,24.0
-7H7ZHO_4Ao-8-rgb_front.mp4,24.0
2zPzFyZkZF0-5-rgb_front.mp4,23.976
1FMpHi-f3WY-5-rgb_front.mp4,24.0
3NFVQAQDGXE-5-rgb_front.mp4,60.0
dnHhd661caQ-8-rgb_front.mp4,24.0
03VktV6bl7c-8-rgb_front.mp4,24.0
1zQYQrcYbrs-5-rgb_front.mp4,23.976
3AZ3qDTv1BM-5-rgb_front.mp4,24.0
D76exYVD-sY-8-rgb_front.mp4,24.0
1d5AvOuQAUQ-8-rgb_front.mp4,24.0
5vd6m__3ync-8-rgb_front.mp4,23.976
eUtZatstDh4-5-rgb_front.mp4,24.0
3_EsFz2QLws-8-rgb_front.mp4,24.0
FcAgbLF6__s-5-rgb_front.mp4,24.0
21qQL15lUNY-5-rgb_front.mp4,24.0
EwnKW28ZBjI-8-rgb_front.mp4,24.0
1-9KdWON_R0-5-rgb_front.mp4,24.0
2_kMUAuFTXU-3-rgb_front.mp4,23.976
4WoQ5Pl24_k-5-rgb_front.mp4,23.976
ey9K0GWYkSI-8-rgb_front.mp4,24.0
cQBrXCcfDyc-5-rgb_front.mp4,24.0
cwXQVmfKj48-5-rgb_front.mp4,24.0
Fp15jJGIfkA-5-rgb_front.mp4,24.0
16AA5BXiVGo-8-rgb_front.mp4,24.0
eHw7FC4IqtI-5-rgb_front.mp4,24.0
Bf5CyPGOpW8-4-rgb_front.mp4,24.0
0vmzETHEVwg-8-rgb_front.mp4,50.0
17N2zH5tmmI-8-rgb_front.mp4,24.0
FobG3xIO2r0-8-rgb_front.mp4,24.0
1LjH--6h_rk-5-rgb_front.mp4,24.0
fvyDE8T9trM-5-rgb_front.mp4,24.0
G2kVb4gINSI-10-rgb_front.mp4,24.0
1gXWDKek85Y-8-rgb_front.mp4,24.0
fzrJBu2qsM8-8-rgb_front.mp4,24.0
E9l9MijxduM-5-rgb_front.mp4,24.0
fsfTrRxuJ-c-5-rgb_front.mp4,24.0
g0uGWjwdOIw-8-rgb_front.mp4,24.0
1ZwEJcdFUSM-8-rgb_front.mp4,24.0
1dd1IikJ-mU-8-rgb_front.mp4,24.0
1gjp23WV368-8-rgb_front.mp4,24.0
4A6QfusQSpA-5-rgb_front.mp4,24.0
1s3sDViHORA-8-rgb_front.mp4,24.0
bLSpqPnZ15Y-1-rgb_front.mp4,24.0
0pRM2UWUFLQ-5-rgb_front.mp4,24.0
2KGzerm1dT0-5-rgb_front.mp4,23.976
C_uFvOlDoX8-8-rgb_front.mp4,24.0
aOZYGJYBzAo-8-rgb_front.mp4,24.0
1LaWSGs87gA-5-rgb_front.mp4,24.0
DwlVtUKfv3s-5-rgb_front.mp4,24.0
1Tix6cnQko4-5-rgb_front.mp4,24.0
ezKICyY-HKY-2-rgb_front.mp4,24.0
BP0ftwelwSM-3-rgb_front.mp4,24.0
1EkrrxYCFB4-5-rgb_front.mp4,24.0
2fThEtRYq7c-3-rgb_front.mp4,24.0
aewpNjI88kw-5-rgb_front.mp4,24.0
4I2azcR2kcA-8-rgb_front.mp4,24.0
f_zna_wG3zo-8-rgb_front.mp4,24.0
g0UUmEkoT1w-10-rgb_front.mp4,24.0
3XJ68WnqyZ8-8-rgb_front.mp4,24.0
Dxk6YjZDmpI-11-rgb_front.mp4,24.0
0vHattAvsqk-8-rgb_front.mp4,30.0
0FrdEk0KBzg-1-rgb_front.mp4,24.0
0ot_-8n4zNk-5-rgb_front.mp4,24.0
_0fO5ETSwyg-5-rgb_front.mp4,24.0
1A25qZmkliU-8-rgb_front.mp4,24.0
b4bK9WtPz4A-5-rgb_front.mp4,24.0
0veHGYSKaDc-8-rgb_front.mp4,30.0
1zQf384LX3M-8-rgb_front.mp4,24.0
fH5XOSfcoIk-5-rgb_front.mp4,24.0
DRNMejwhY0Q-2-rgb_front.mp4,30.0
0CGoYyy61p8-8-rgb_front.mp4,24.0
1AaO0RFu9j8-8-rgb_front.mp4,24.0
G3EYpadwqck-5-rgb_front.mp4,24.0
cBQbvdZQx3g-8-rgb_front.mp4,24.0
1PMwfe-N3_k-8-rgb_front.mp4,24.0
cZIOEvWRGFg-5-rgb_front.mp4,24.0
1TU3WpD2Oj0-5-rgb_front.mp4,24.0
1thCOHYInqk-8-rgb_front.mp4,24.0
2Avq_ST7qPU-5-rgb_front.mp4,24.0
2uw1MV-N3Ec-3-rgb_front.mp4,24.0
3tyfxL2wO-M-8-rgb_front.mp4,24.0
aLhtVMR3SNw-5-rgb_front.mp4,24.0
01G_nWgaYAQ-3-rgb_front.mp4,24.0
BpZeIf6VvuM-5-rgb_front.mp4,23.976
3zd-g_u97RM-8-rgb_front.mp4,23.976
CITqUVKneOc-8-rgb_front.mp4,24.0
_5keJZsmTh0-5-rgb_front.mp4,24.0
aUBqWgdXamE-3-rgb_front.mp4,24.0
BRa6-tUUd0E-8-rgb_front.mp4,24.0
_0-JkwZ9o4Q-5-rgb_front.mp4,24.0
23df10xArII-5-rgb_front.mp4,24.0
fzDHRCKr7wU-8-rgb_front.mp4,24.0
48QmLVn7fqQ-8-rgb_front.mp4,24.0
30y7o8ANntQ-5-rgb_front.mp4,24.0
G25fic3QxDk-10-rgb_front.mp4,24.0
1roNMBxogDE-8-rgb_front.mp4,24.0
0HxDpq1l4tk-5-rgb_front.mp4,24.0
cueklcakdUc-8-rgb_front.mp4,24.0
4RbZmUDyjGc-5-rgb_front.mp4,24.0
aD-Fbewpd3s-8-rgb_front.mp4,24.0
cpcdTeyWHPc-8-rgb_front.mp4,24.0
aC9P3lKuYU0-3-rgb_front.mp4,24.0
-6vHGMCTYyI-5-rgb_front.mp4,23.976
0-I67scsfIE-5-rgb_front.mp4,23.976
4MIPkK7F4GM-5-rgb_front.mp4,23.976
FSEbzZjZg0A-5-rgb_front.mp4,24.0
10SU1bmcfAw-5-rgb_front.mp4,24.0
CE23zzfUBDw-5-rgb_front.mp4,24.0
1Q2BYTlbdiE-8-rgb_front.mp4,24.0
fCF65sNmII8-3-rgb_front.mp4,24.0
5T4P9SM0_ck-5-rgb_front.mp4,24.0
1yvskpdZCPs-8-rgb_front.mp4,24.0
0vNfEYst_tQ-8-rgb_front.mp4,30.0
ft6HeVUlcuM-3-rgb_front.mp4,24.0
ebl8tXLXops-8-rgb_front.mp4,24.0
1gTkFzIRzYk-8-rgb_front.mp4,24.0
14vF1lPQCgc-8-rgb_front.mp4,24.0
CyLfNgMZmc0-8-rgb_front.mp4,24.0
3rW6wKS5nTU-5-rgb_front.mp4,24.0
FgY0hTUDhsw-5-rgb_front.mp4,24.0
218kpyi1X7k-8-rgb_front.mp4,24.0
23vZCOWd5oE-5-rgb_front.mp4,24.0
g3UE1iPiyuE-3-rgb_front.mp4,24.0
cmi0-jjwroA-5-rgb_front.mp4,24.0
E6lt9dk8HTs-8-rgb_front.mp4,24.0
-bTEtrts5ZU-8-rgb_front.mp4,23.976
c5SLsQzzdF4-3-rgb_front.mp4,24.0
13X0vEMNm7M-5-rgb_front.mp4,24.0
1LQrmzrtOKk-5-rgb_front.mp4,24.0
1b3UpS1gD2k-8-rgb_front.mp4,24.0
G1hb5HugzVk-8-rgb_front.mp4,24.0
FzQPg4aqNYc-1-rgb_front.mp4,24.0
0C_NjyLtHwc-8-rgb_front.mp4,24.0
axMUhvgrWrs-8-rgb_front.mp4,24.0
EoDKNZoD2-o-8-rgb_front.mp4,24.0
-aZEs9_Vo6g-3-rgb_front.mp4,24.0
EmNBzTLRz-E-5-rgb_front.mp4,24.0
0ICZi26jdaQ-5-rgb_front.mp4,24.0
1Eq8tHs0zGA-5-rgb_front.mp4,24.0
DQ9eIUHjxIo-8-rgb_front.mp4,24.0
1REXebJzhBs-5-rgb_front.mp4,24.0
DcaZwBc3SXk-8-rgb_front.mp4,24.0
0Dqrsiqf4pY-8-rgb_front.mp4,24.0
FZbyRzy4huk-8-rgb_front.mp4,24.0
G2VAlFdgof4-5-rgb_front.mp4,24.0
cfT0AmWaVUo-5-rgb_front.mp4,24.0
1qs5yIhihMo-8-rgb_front.mp4,24.0
G2dND014Ps4-5-rgb_front.mp4,24.0
3Uvzt6qUudA-5-rgb_front.mp4,23.976
g13Jo_kFliM-3-rgb_front.mp4,24.0
at8bAQq9jZY-3-rgb_front.mp4,24.0
G3g0-BeFN3c-5-rgb_front.mp4,24.0
3NFVQAQDGXE-8-rgb_front.mp4,24.0
bJQW6jZSuAA-8-rgb_front.mp4,24.0
1IKGxa-7JfI-5-rgb_front.mp4,60.0
D4NatJnEMBU-5-rgb_front.mp4,24.0
006DXpJ9erw-5-rgb_front.mp4,24.0
1PO6_voQXoc-8-rgb_front.mp4,24.0
3Kn3x7yGpQs-5-rgb_front.mp4,23.976
1lCah99RqJg-8-rgb_front.mp4,24.0
1uXVMh-7lmI-8-rgb_front.mp4,24.0
4PE3myd8L3Q-5-rgb_front.mp4,24.0
CmFW0P_9Tmw-8-rgb_front.mp4,24.0
b0KaiY9OZa8-5-rgb_front.mp4,24.0
bchTW6mS9eM-5-rgb_front.mp4,24.0
34N8w-SDIc4-5-rgb_front.mp4,24.0
CzXICdEaWaY-8-rgb_front.mp4,24.0
cOuKK2pnIlc-5-rgb_front.mp4,24.0
0rAc9hk-Ylk-5-rgb_front.mp4,60.0
fZIHe3dXPR0-5-rgb_front.mp4,30.0
eANyqXdSpSk-5-rgb_front.mp4,24.0
2GgrX5BccBE-5-rgb_front.mp4,24.0
c2KLK-rr89U-8-rgb_front.mp4,24.0
5Lh23UUvx2M-8-rgb_front.mp4,24.0
17wFk7bkWoo-8-rgb_front.mp4,24.0
5CGdJ5Cuv5M-8-rgb_front.mp4,50.0
10i-zHo6pdw-8-rgb_front.mp4,24.0
40dTE31p5uA-5-rgb_front.mp4,24.0
1retf-icZlQ-8-rgb_front.mp4,24.0
a4Nxq0QV_WA-3-rgb_front.mp4,24.0
5nk3hS9UHl0-8-rgb_front.mp4,60.0
-1rM0t5FMiE-5-rgb_front.mp4,23.976
aSbwWmqTOzc-8-rgb_front.mp4,60.0
05svBr3FJD4-5-rgb_front.mp4,24.0
eyRb0KhjU3I-5-rgb_front.mp4,24.0
1bA7XtuyoYY-8-rgb_front.mp4,24.0
4H7wucScIRg-8-rgb_front.mp4,24.0
42c5l12RhWo-8-rgb_front.mp4,24.0
eefsk97G-44-5-rgb_front.mp4,24.0
Elw15ZJ0fsE-8-rgb_front.mp4,24.0
2Jm303dE1T8-3-rgb_front.mp4,24.0
FSfYt1I8xq0-3-rgb_front.mp4,24.0
aabZs04yaTE-8-rgb_front.mp4,60.0
1p2yqU9kWnw-8-rgb_front.mp4,24.0
3xtnvxSmYFU-3-rgb_front.mp4,24.0
1udh8eAH5Es-8-rgb_front.mp4,24.0
-23PZTqtDBw-5-rgb_front.mp4,23.976
DKdW6iMMdxA-11-rgb_front.mp4,24.0
F0CLgejV5_k-5-rgb_front.mp4,24.0
1tIp58DN8Nw-5-rgb_front.mp4,23.976
achHLgzoXMk-8-rgb_front.mp4,24.0
ehqk9k4eL_k-8-rgb_front.mp4,30.0
cP4ZkVUIKGE-9-rgb_front.mp4,60.0
DxDbmYtzT14-8-rgb_front.mp4,24.0
414pAs3SDu0-5-rgb_front.mp4,24.0
eS8QaBYoDU0-9-rgb_front.mp4,24.0
3frKRYWXdho-8-rgb_front.mp4,24.0
ezvP_trD6O8-5-rgb_front.mp4,24.0
1zAgxIlYtwM-8-rgb_front.mp4,24.0
1OxarI6IjP4-8-rgb_front.mp4,24.0
_G0MZFLIHa0-5-rgb_front.mp4,60.0
D2LgxrX72No-5-rgb_front.mp4,23.976
fFk8oRYSMq0-5-rgb_front.mp4,24.0
0t4O9jMywAo-11-rgb_front.mp4,24.0
5S5lUNRT85M-8-rgb_front.mp4,23.976
ckEfgaF2ZKc-8-rgb_front.mp4,24.0
46WKIipNJt8-8-rgb_front.mp4,24.0
5wj8qq7-SSs-8-rgb_front.mp4,23.976
-EsVrbRTMU4-8-rgb_front.mp4,24.0
DXZnIJIa918-8-rgb_front.mp4,24.0
0DhJ9bK49RM-8-rgb_front.mp4,24.0
eRiOhdeskNE-8-rgb_front.mp4,24.0
-eP-kUd9hD8-5-rgb_front.mp4,24.0
fZgWKh3ENoE-8-rgb_front.mp4,24.0
0-CH0nKReGk-5-rgb_front.mp4,23.976
CEwxs80fC8Q-1-rgb_front.mp4,30.0
-g0sqksgyc4-2-rgb_front.mp4,24.0
03pzaOT7rPM-8-rgb_front.mp4,24.0
DV9TmqoYQiU-8-rgb_front.mp4,24.0
0sat-Ibig34-11-rgb_front.mp4,24.0
3mjTbgSBlhE-5-rgb_front.mp4,24.0
-EdUkSqns3U-3-rgb_front.mp4,24.0
a4MsS36gmRE-3-rgb_front.mp4,24.0
17g6wyytWzs-8-rgb_front.mp4,24.0
1cbTN8a73zo-5-rgb_front.mp4,23.976
1B56XMJ-j1Q-8-rgb_front.mp4,24.0
1cNZVa2285k-8-rgb_front.mp4,24.0
F-p1IdedNbg-8-rgb_front.mp4,30.0
_g0fpC8aiME-8-rgb_front.mp4,24.0
Bq-oGBCMC5c-3-rgb_front.mp4,24.0
1KoWaCTX1jU-5-rgb_front.mp4,24.0
1wa2jHu3Jj4-8-rgb_front.mp4,24.0
1Rvc-TbUBJ0-5-rgb_front.mp4,24.0
Bj2WVQTQR_Q-8-rgb_front.mp4,24.0
bmBNyPxIU5A-3-rgb_front.mp4,24.0
F1rpKrSiqNU-5-rgb_front.mp4,24.0
C8GFJV9AXYM-8-rgb_front.mp4,24.0
1UBFtrCAL1c-5-rgb_front.mp4,24.0
dWOtJxrH_Ww-8-rgb_front.mp4,24.0
BmQrSbUs5e0-5-rgb_front.mp4,24.0
1WUTV5ttnjg-5-rgb_front.mp4,24.0
CTi9z6x-x90-3-rgb_front.mp4,60.0
00T6xK82A7k-5-rgb_front.mp4,24.0
FIbFH_Tdnb8-1-rgb_front.mp4,24.0
57_1T6O51TQ-8-rgb_front.mp4,24.0
eVy2te5bv_A-5-rgb_front.mp4,24.0
-AUIJ6-UEzM-8-rgb_front.mp4,24.0
221LE0VXCB8-8-rgb_front.mp4,24.0
5rtrGkZNfLo-5-rgb_front.mp4,24.0
-aEP1MfoUSU-8-rgb_front.mp4,24.0
a3kZdrIq20o-8-rgb_front.mp4,24.0
-1fUFbij2s0-5-rgb_front.mp4,23.976
54XXeg5CY-0-5-rgb_front.mp4,24.0
DxHtXNKvCDA-5-rgb_front.mp4,23.976
2HUxYZ-qpt4-8-rgb_front.mp4,23.976
07U8pEf63Pw-5-rgb_front.mp4,24.0
5Pm9nRXM-L0-8-rgb_front.mp4,23.976
EWV6xcewNVk-8-rgb_front.mp4,24.0
g2ur4BIuN0Q-3-rgb_front.mp4,24.0
1gqVLt2Z-DY-8-rgb_front.mp4,24.0
bnIoz-4U3xw-8-rgb_front.mp4,24.0
ESNX4Yoy2M8-5-rgb_front.mp4,24.0
4CSSlWonj3E-2-rgb_front.mp4,24.0
coP58P_n38I-1-rgb_front.mp4,24.0
-6xQU_WIlh4-5-rgb_front.mp4,23.976
2nNj-H5maS0-5-rgb_front.mp4,24.0
1furuv5lJ4Q-8-rgb_front.mp4,24.0
1cp9sjT_1Tc-8-rgb_front.mp4,24.0
54ERX_j7PGE-5-rgb_front.mp4,23.976
1j2bqO1pxwQ-5-rgb_front.mp4,24.0
-cv1gZaGtNk-5-rgb_front.mp4,24.0
b9zJhvHGxyk-3-rgb_front.mp4,24.0
C4lsh3mZ4jU-5-rgb_front.mp4,24.0
0H0_rY2_6wQ-5-rgb_front.mp4,24.0
cYtd23-StEw-8-rgb_front.mp4,24.0
g2NA_eBUcH8-3-rgb_front.mp4,24.0
g3kFAmcBpFc-3-rgb_front.mp4,24.0
1fQY7Nu35ZY-5-rgb_front.mp4,24.0
d7AGobq8bmw-8-rgb_front.mp4,24.0
15h_ez8ggVY-8-rgb_front.mp4,24.0
8kAWy2YodzQ-1-rgb_front.mp4,30.0
E-zi5MLGq_U-8-rgb_front.mp4,24.0
1cZMGr3-y6A-8-rgb_front.mp4,23.976
-Ajh5HDqsi4-8-rgb_front.mp4,24.0
1Pm6ty_JrpU-3-rgb_front.mp4,24.0
duDHzhkbkcE-5-rgb_front.mp4,24.0
DJAnvtfxgzQ-5-rgb_front.mp4,23.976
EIpx6DCSGFA-5-rgb_front.mp4,23.976
1D29htgrRv4-5-rgb_front.mp4,24.0
Db5SUQvNsHc-1-rgb_front.mp4,24.0
-DV52J2dGWQ-8-rgb_front.mp4,24.0
FuY84v7zanQ-8-rgb_front.mp4,24.0
DfnfG8p46xc-2-rgb_front.mp4,24.0
1RxYvOvKHkU-5-rgb_front.mp4,24.0
10VglhbVIwI-5-rgb_front.mp4,24.0
cbuvayA-dEc-8-rgb_front.mp4,24.0
1cj15Is-Wjs-8-rgb_front.mp4,24.0
0JtcVYXue30-5-rgb_front.mp4,24.0
1Mn7LZ6xOX4-5-rgb_front.mp4,24.0
cxNfMA-d_n8-1-rgb_front.mp4,24.0
FZCF7kPIyOk-1-rgb_front.mp4,30.0
1CR54FShtPE-5-rgb_front.mp4,24.0
1jAFRRkU4ic-8-rgb_front.mp4,24.0
1wtSe0nk5Tk-8-rgb_front.mp4,24.0
g1HXoDkax5A-3-rgb_front.mp4,24.0
b-341m5ri_A-5-rgb_front.mp4,24.0
5GEYCf-Gr_k-5-rgb_front.mp4,24.0
5O8kZa59YZU-8-rgb_front.mp4,23.976
1T2EUqlbTtk-5-rgb_front.mp4,24.0
1UvxqsvKq3o-5-rgb_front.mp4,24.0
-CZLAzGuTSk-8-rgb_front.mp4,24.0
1jWbf4jhzGA-8-rgb_front.mp4,24.0
ao9GdnEgTGQ-5-rgb_front.mp4,24.0
cNLpx_e0_kk-5-rgb_front.mp4,24.0
-BABPsEWA54-3-rgb_front.mp4,24.0
0-_hOoXzsWw-5-rgb_front.mp4,24.0
1pnIcdqFroA-8-rgb_front.mp4,24.0
0Fdg59G2-SI-2-rgb_front.mp4,24.0
BfS0S717ykQ-2-rgb_front.mp4,24.0
EYEhiZ6Y0Fs-5-rgb_front.mp4,24.0
1lkC3y2g5do-8-rgb_front.mp4,24.0
EmNBzTLRz-E-3-rgb_front.mp4,24.0
1oASaT1qCwc-3-rgb_front.mp4,24.0
1Q1BxWGurrA-8-rgb_front.mp4,24.0
1VmLO8XFzqE-5-rgb_front.mp4,30.0
05pLyheXjeo-5-rgb_front.mp4,24.0
eJIeFdrw4hM-8-rgb_front.mp4,24.0
22ULOqFXTdI-5-rgb_front.mp4,24.0
06S7xXXHWIs-5-rgb_front.mp4,24.0
1G4hF1cV-44-5-rgb_front.mp4,24.0
-1PeVdIwiq0-8-rgb_front.mp4,24.0
23GbjIU50qw-8-rgb_front.mp4,23.976
26xrVZcNWpM-3-rgb_front.mp4,24.0
15bYoBr7BWs-8-rgb_front.mp4,24.0
52MbWpfvuF0-8-rgb_front.mp4,24.0
1apM-bFiM8g-8-rgb_front.mp4,24.0
eIOmY6ub-I0-5-rgb_front.mp4,24.0
3yeunpfsN_Q-3-rgb_front.mp4,24.0
1KTyhaoXjBE-5-rgb_front.mp4,24.0
fxLUOvJTM0U-5-rgb_front.mp4,24.0
12_PWBuI3mM-8-rgb_front.mp4,30.0
1UhvxT9ri7U-5-rgb_front.mp4,24.0
Bu1-_fPoQ3Q-3-rgb_front.mp4,24.0
fzncPNr2Sc0-8-rgb_front.mp4,24.0
0HR9yZVt2F4-5-rgb_front.mp4,24.0
_g0fpC8aiME-5-rgb_front.mp4,30.0
45XYg7z7CdQ-5-rgb_front.mp4,24.0
1Ve6jGdkdRY-5-rgb_front.mp4,30.0
4-Jt6C_aKpc-5-rgb_front.mp4,23.976
1UD6MhuYox0-5-rgb_front.mp4,24.0
G3FhmHz_7hs-10-rgb_front.mp4,24.0
0CAt2QlIcco-8-rgb_front.mp4,24.0
a1HVL0zE768-5-rgb_front.mp4,24.0
08JotxFsA4Y-5-rgb_front.mp4,24.0
5z_z6opEIH0-3-rgb_front.mp4,24.0
Fc_C-H8LD3E-5-rgb_front.mp4,24.0
Du41T4cbdds-5-rgb_front.mp4,24.0
dcN7W0lxTpE-8-rgb_front.mp4,24.0
CFRh_KOT9nY-5-rgb_front.mp4,60.0
5Uy3r6Sl4pM-8-rgb_front.mp4,24.0
5dqnMgr62_w-8-rgb_front.mp4,24.0
aGpGS2MOGgQ-8-rgb_front.mp4,24.0
fzDHRCKr7wU-5-rgb_front.mp4,24.0
1bz6oY731gQ-8-rgb_front.mp4,24.0
1oys0KyRSS0-8-rgb_front.mp4,24.0
1t4zyrqIw1s-8-rgb_front.mp4,24.0
b6ZncJ7ikxQ-8-rgb_front.mp4,24.0
1BWKlgd8SfA-8-rgb_front.mp4,23.976
-0JdYlTf9Y8-5-rgb_front.mp4,24.0
1QIHG8XLXHg-5-rgb_front.mp4,24.0
-1KpdDGPCq4-5-rgb_front.mp4,23.976
bZGB3xR6dWU-5-rgb_front.mp4,24.0
G3RvsnzQrXQ-10-rgb_front.mp4,24.0
1dJbYUmWpSY-8-rgb_front.mp4,24.0
034pv2RSK8E-8-rgb_front.mp4,24.0
3tMjbhSx3zY-5-rgb_front.mp4,24.0
5GHCXLNcgUQ-5-rgb_front.mp4,24.0
fslsm4MqBBE-8-rgb_front.mp4,24.0
bBHYQCDp_9A-3-rgb_front.mp4,24.0
ErF4IxBJcQY-9-rgb_front.mp4,24.0
1__H9MDl590-8-rgb_front.mp4,24.0
BTjsEc67kyM-5-rgb_front.mp4,24.0
1idQRo9LJr4-11-rgb_front.mp4,24.0
fqEO3MuTlEE-5-rgb_front.mp4,24.0
5ablUAXmVkM-8-rgb_front.mp4,30.0
EN-WLnmBPjI-3-rgb_front.mp4,24.0
g1e-zO8mZ4c-3-rgb_front.mp4,24.0
1Zk7y3MjuU4-8-rgb_front.mp4,50.0
1ypYKgSPHkA-8-rgb_front.mp4,24.0
e6kaamScxwY-8-rgb_front.mp4,24.0
1Ull4-M-sh8-5-rgb_front.mp4,24.0
1NDBxRcroFc-5-rgb_front.mp4,24.0
-eaisNdrTS4-5-rgb_front.mp4,24.0
4QhpU9Fk5dA-8-rgb_front.mp4,23.976
06Yvm4X81WI-5-rgb_front.mp4,24.0
-fyFTnt9w9Q-5-rgb_front.mp4,24.0
eSKKvQaZVHk-5-rgb_front.mp4,24.0
eGLS5AY_TEw-8-rgb_front.mp4,24.0
C_WfqBPxfJg-5-rgb_front.mp4,24.0
5UbW-uxoCOg-3-rgb_front.mp4,24.0
2VaCIOSpIWc-8-rgb_front.mp4,24.0
37ZtKNf6Yd8-1-rgb_front.mp4,24.0
cdwEY8_WfZA-8-rgb_front.mp4,24.0
2hpQUMOiUu8-5-rgb_front.mp4,24.0
0syI-83QSVM-8-rgb_front.mp4,24.0
0qYzADqK-Z4-8-rgb_front.mp4,24.0
apCuUn08Bqc-2-rgb_front.mp4,24.0
1PmWOoJTEiw-8-rgb_front.mp4,30.0
dapjWYLv64w-8-rgb_front.mp4,24.0
0xAGc82Wq3o-5-rgb_front.mp4,24.0
163ylBUtKlI-8-rgb_front.mp4,24.0
Eh697LCFjTw-3-rgb_front.mp4,24.0
05LWN7tIdEo-5-rgb_front.mp4,24.0
-bx5X9wxho4-5-rgb_front.mp4,24.0
DmM1wHOWDyA-5-rgb_front.mp4,24.0
0rbUEsOc434-5-rgb_front.mp4,60.0
1CsY0C0R2EI-5-rgb_front.mp4,24.0
_4PBd_wiX_A-5-rgb_front.mp4,24.0
_7uBzSGPQis-5-rgb_front.mp4,24.0
g38AmwPAYvg-3-rgb_front.mp4,24.0
00Cal635Wno-5-rgb_front.mp4,24.0
1L0GSTIb9Vs-5-rgb_front.mp4,60.0
14Pag7RIAsk-8-rgb_front.mp4,24.0
FzUdcaxw_vs-2-rgb_front.mp4,23.976
_FzvMVnR_aU-10-rgb_front.mp4,24.0
5k66qfWaM7E-8-rgb_front.mp4,24.0
_2FBDaOPYig-5-rgb_front.mp4,24.0
1s7e4sHQiAs-8-rgb_front.mp4,24.0
f6LINKBu7io-8-rgb_front.mp4,60.0
bcGTWy6jndk-8-rgb_front.mp4,24.0
1lbhXfsU8DU-8-rgb_front.mp4,24.0
0ur0RX4qJYU-11-rgb_front.mp4,24.0
bFaFfad7uCs-8-rgb_front.mp4,24.0
2Eg_qnMUaFU-1-rgb_front.mp4,24.0
1BYz1IhT5F0-8-rgb_front.mp4,24.0
42c5l12RhWo-5-rgb_front.mp4,24.0
Fm3GUFEh5LM-8-rgb_front.mp4,24.0
_En4SUmr1S8-8-rgb_front.mp4,24.0
-EAXGeHv9U4-8-rgb_front.mp4,24.0
-fqh6k6uOUs-5-rgb_front.mp4,24.0
032PDxai5GE-8-rgb_front.mp4,24.0
aE7Yb_KJLUk-8-rgb_front.mp4,24.0
1kABqM38yjw-8-rgb_front.mp4,24.0
23h1jHxDBFc-5-rgb_front.mp4,24.0
furfAAKJFvw-4-rgb_front.mp4,24.0
DEDHBxYIDwY-3-rgb_front.mp4,24.0
23LLbhn_Mjg-5-rgb_front.mp4,24.0
0wxWnnaOhbM-5-rgb_front.mp4,24.0
14hq4hRjwLc-8-rgb_front.mp4,24.0
1joPNyRKT78-8-rgb_front.mp4,24.0
11bX6_dM6UQ-8-rgb_front.mp4,24.0
CKearM4IZws-8-rgb_front.mp4,60.0
1UEZfuSvYuA-5-rgb_front.mp4,24.0
248tLEQWg-U-5-rgb_front.mp4,24.0
BOBpYTUfuzs-8-rgb_front.mp4,24.0
-_3bUhnn4PU-8-rgb_front.mp4,24.0
1Rk3pC7_MMQ-5-rgb_front.mp4,24.0
1fTH1XCkQNw-8-rgb_front.mp4,24.0
Fl0HB3CKr6k-5-rgb_front.mp4,24.0
azmxjENWcXo-5-rgb_front.mp4,24.0
Fz-N1S0swh8-8-rgb_front.mp4,24.0
CerG8JKzDIE-8-rgb_front.mp4,24.0
1QEuGAGkxjg-5-rgb_front.mp4,24.0
5UsVsSkd3JY-3-rgb_front.mp4,24.0
1lGojKZsjI4-8-rgb_front.mp4,24.0
a0te0H5ms1Y-9-rgb_front.mp4,23.976
3lExstvqB9M-8-rgb_front.mp4,24.0
DPSMwzmmouw-8-rgb_front.mp4,24.0
0uCaKKqoPSk-8-rgb_front.mp4,24.0
1q7brn6q5IE-8-rgb_front.mp4,24.0
0yiQ9NTT6Ek-5-rgb_front.mp4,24.0
1jx2aBn_2_U-8-rgb_front.mp4,24.0
1Oj0xMGOmqc-8-rgb_front.mp4,24.0
1_VJ7epZJAg-8-rgb_front.mp4,24.0
0yuQhcAGSbs-5-rgb_front.mp4,30.0
04hnjLKHh2g-5-rgb_front.mp4,24.0
3Dna82kryPY-8-rgb_front.mp4,24.0
dewJbotk9UM-8-rgb_front.mp4,24.0
22qgKXLM0j4-5-rgb_front.mp4,24.0
-8smPvP08mU-8-rgb_front.mp4,24.0
fZK9hW81XCU-8-rgb_front.mp4,24.0
1BT5ZBdNaOM-3-rgb_front.mp4,24.0
20OkhuZd7HI-5-rgb_front.mp4,24.0
BUrqXtTa46Y-8-rgb_front.mp4,24.0
e_S9g_NKlvY-8-rgb_front.mp4,24.0
EZdSBFrRQxM-4-rgb_front.mp4,24.0
-1XUnputrgk-5-rgb_front.mp4,23.976
0yeKUlT9LnU-5-rgb_front.mp4,24.0
fJ5vO67Ktnw-3-rgb_front.mp4,24.0
eJyZBuKIkk8-1-rgb_front.mp4,24.0
_5CV2fIG7qY-3-rgb_front.mp4,24.0
0trr2UC5l5M-11-rgb_front.mp4,24.0
0AZFdfnzrog-8-rgb_front.mp4,24.0
476vh2-HlV0-8-rgb_front.mp4,24.0
aAbdm-MtiSw-3-rgb_front.mp4,24.0
f-mvu_dZvjg-8-rgb_front.mp4,24.0
3GKsjSStbaE-5-rgb_front.mp4,24.0
cVgkQk7bIP4-5-rgb_front.mp4,24.0
C9TWqHwLWcg-8-rgb_front.mp4,24.0
1h1YkisCV_A-8-rgb_front.mp4,24.0
1e2wDf5R_zk-8-rgb_front.mp4,24.0
_2u0MkRqpjA-5-rgb_front.mp4,24.0
4YRehZfsLDY-5-rgb_front.mp4,24.0
17a7OrcTz2k-3-rgb_front.mp4,24.0
CqO5C__vK7s-1-rgb_front.mp4,24.0
bxzjO0cMUyc-8-rgb_front.mp4,24.0
08UdcMPnTyU-5-rgb_front.mp4,24.0
23bwGbfBdC0-5-rgb_front.mp4,24.0
eDUXnSkhCi8-5-rgb_front.mp4,24.0
1mrUTikYY-c-11-rgb_front.mp4,24.0
BPoz4-sxQZY-5-rgb_front.mp4,24.0
2nOClTVZ-0w-8-rgb_front.mp4,24.0
5agwuoxNssM-5-rgb_front.mp4,24.0
-bKHI_VTZ1Q-8-rgb_front.mp4,23.976
1jVOx59INmU-11-rgb_front.mp4,24.0
21CVg25d34A-5-rgb_front.mp4,24.0
dWfNzU-OFZw-8-rgb_front.mp4,24.0
09B_3NBFoM8-5-rgb_front.mp4,24.0
0wPJGhjnX-s-8-rgb_front.mp4,24.0
0-vrO9sZ5ow-5-rgb_front.mp4,24.0
0EVlXAX_-vw-11-rgb_front.mp4,24.0
-dIdfcIZVGU-5-rgb_front.mp4,24.0
1WZGAIBhaPs-5-rgb_front.mp4,24.0
-egX2qfNmvI-5-rgb_front.mp4,24.0
BVgS_-Tnhvk-5-rgb_front.mp4,50.0
c7sX43YU__U-8-rgb_front.mp4,24.0
dT5xm3lFdbo-5-rgb_front.mp4,24.0
g3ZluRtRXVc-3-rgb_front.mp4,24.0
e2nHkrL-Ejo-5-rgb_front.mp4,24.0
1Vofqi_ZdaU-5-rgb_front.mp4,30.0
cN11VMtIguw-8-rgb_front.mp4,24.0
23O-xRuWVdA-5-rgb_front.mp4,24.0
btgl52iuJGk-8-rgb_front.mp4,60.0
eS58monGmKo-8-rgb_front.mp4,24.0
G23G21G49dk-2-rgb_front.mp4,30.0
Cr_1k4JsycE-8-rgb_front.mp4,24.0
-6PULg1jlpc-5-rgb_front.mp4,23.976
1Lm_fpAjM9g-5-rgb_front.mp4,24.0
-EgUpIYXF3k-8-rgb_front.mp4,24.0
-0ZqnVFv7eI-5-rgb_front.mp4,23.976
3leKwl-71Yg-5-rgb_front.mp4,24.0
2iFx_uR3GBQ-1-rgb_front.mp4,24.0
G2lEchCCRAo-5-rgb_front.mp4,30.0
47yGbJ5YDYk-5-rgb_front.mp4,23.976
C_L5ZTwzLjM-11-rgb_front.mp4,24.0
18c67jsMBxE-8-rgb_front.mp4,24.0
11YofC1i8zc-8-rgb_front.mp4,24.0
CnvqUIXeXmE-8-rgb_front.mp4,24.0
eZampqelfrw-4-rgb_front.mp4,24.0
-c5CKp2JWHE-5-rgb_front.mp4,24.0
279MO2nwC_E-2-rgb_front.mp4,50.0
2vDX6po-uCQ-8-rgb_front.mp4,24.0
5sFOPW5LyA4-8-rgb_front.mp4,24.0
b32g5NvG9Qc-8-rgb_front.mp4,24.0
cc1ABgXzjds-5-rgb_front.mp4,24.0
1Vq_uqeckF8-8-rgb_front.mp4,24.0
cH9SbtBbEEY-8-rgb_front.mp4,24.0
fHyWp4FMZZA-5-rgb_front.mp4,24.0
1sg84_vTrqg-8-rgb_front.mp4,24.0
eBrlZcccILg-3-rgb_front.mp4,24.0
-AZVqXtWGg0-8-rgb_front.mp4,24.0
G2VzB5-JkRA-10-rgb_front.mp4,24.0
bX0Zpf-rEgc-8-rgb_front.mp4,24.0
00kppw3aqus-3-rgb_front.mp4,23.976
CnD-hSIeaMg-8-rgb_front.mp4,24.0
-dNt6nmRfFE-5-rgb_front.mp4,24.0
g13Jo_kFliM-10-rgb_front.mp4,24.0
0wf7V55xjvQ-8-rgb_front.mp4,24.0
1AFO2Rfl9ow-8-rgb_front.mp4,24.0
-ayXzLtkpQU-8-rgb_front.mp4,24.0
5xJEFXSwAvE-8-rgb_front.mp4,24.0
4UKcwg0pk90-3-rgb_front.mp4,24.0
G3IJAoK0uSE-5-rgb_front.mp4,50.0
06d7cIO6KsA-5-rgb_front.mp4,24.0
d7ZnbqAlscs-5-rgb_front.mp4,24.0
0t7zBQHtvaM-5-rgb_front.mp4,24.0
CMJDDVY5Wlo-5-rgb_front.mp4,24.0
G0peUY2cfeE-2-rgb_front.mp4,30.0
10VGBNxgvSk-5-rgb_front.mp4,24.0
1gOQLPDtr3c-8-rgb_front.mp4,24.0
0wfnuu7s92U-5-rgb_front.mp4,24.0
1J3UAD2lU-g-5-rgb_front.mp4,24.0
5vSvXTHeD5I-8-rgb_front.mp4,23.976
fzOH00UZg84-8-rgb_front.mp4,24.0
BJZFpsaYwgI-8-rgb_front.mp4,24.0
dIIMHOX5AD8-8-rgb_front.mp4,24.0
1mWIOvyqfUI-8-rgb_front.mp4,24.0
eJ_G_kOahj0-3-rgb_front.mp4,24.0
-FmyGR0GA_E-8-rgb_front.mp4,24.0
2-3DDnF8ZLk-8-rgb_front.mp4,24.0
EnTdOClhYyo-5-rgb_front.mp4,24.0
3Sd2KRf-Fvo-5-rgb_front.mp4,24.0
fZK9hW81XCU-5-rgb_front.mp4,23.976
2oU9Ea0gGsA-8-rgb_front.mp4,24.0
3JQwNCrx0Wo-5-rgb_front.mp4,23.976
-a1HIguW14M-8-rgb_front.mp4,24.0
-AFID_P6YU0-8-rgb_front.mp4,24.0
3EUv9chnujY-5-rgb_front.mp4,24.0
0ymOkVCAqT4-5-rgb_front.mp4,30.0
fZM3IcM2Xs4-8-rgb_front.mp4,24.0
D-2jxcZeURM-4-rgb_front.mp4,24.0
2fTOklTjdMM-1-rgb_front.mp4,24.0
1nGl_Zl6zvw-11-rgb_front.mp4,24.0
1pd6CDNcuEM-11-rgb_front.mp4,24.0
04VKILduLSM-8-rgb_front.mp4,24.0
10mCoCsahVo-8-rgb_front.mp4,24.0
4MXwmQ7Ht6E-8-rgb_front.mp4,24.0
-9zB8cv_WJk-8-rgb_front.mp4,24.0
1GwUsiOFCHI-5-rgb_front.mp4,24.0
5U5e11ftWBI-3-rgb_front.mp4,24.0
5SFfLkf65EY-5-rgb_front.mp4,24.0
a8QR93muFQ0-8-rgb_front.mp4,24.0
13xhoBKaViM-8-rgb_front.mp4,24.0
bbNhK0g8fJY-8-rgb_front.mp4,24.0
1RQ3dFBCjmI-5-rgb_front.mp4,24.0
097l3R1JCFQ-5-rgb_front.mp4,24.0
DwB2ujCHykM-5-rgb_front.mp4,24.0
_93xgBE3NgA-5-rgb_front.mp4,24.0
-9nBmSvp2Co-8-rgb_front.mp4,24.0
1Cjb2vNtyho-5-rgb_front.mp4,24.0
-Aiz9jYxt4g-8-rgb_front.mp4,24.0
eI9bNFa07x4-8-rgb_front.mp4,24.0
g2ELiaFjKfs-10-rgb_front.mp4,24.0
14309WSFpWg-8-rgb_front.mp4,24.0
G3HKHxevpFI-5-rgb_front.mp4,30.0
2QE61mte5v4-8-rgb_front.mp4,23.976
CQ4IY7EdxMQ-3-rgb_front.mp4,24.0
CxWzH1-UlNk-3-rgb_front.mp4,24.0
cXKFA8qu81E-5-rgb_front.mp4,24.0
-avT5MztdU0-8-rgb_front.mp4,24.0
bb1Z5dw4N-s-8-rgb_front.mp4,24.0
3C3mfkMNy-Y-8-rgb_front.mp4,24.0
1D3iMk0Uf_U-5-rgb_front.mp4,24.0
aygp09D7Z_w-5-rgb_front.mp4,24.0
1pHupPNh9OE-11-rgb_front.mp4,23.976
bHdXYjk977I-3-rgb_front.mp4,24.0
Eh2AVkAQsxI-3-rgb_front.mp4,24.0
1_u_51a8M8o-8-rgb_front.mp4,24.0
0sSMKEvVetg-11-rgb_front.mp4,24.0
DrzPForr8Yw-5-rgb_front.mp4,23.976
2SnVWW3MOB4-2-rgb_front.mp4,24.0
E_uBBA0Cdh0-5-rgb_front.mp4,24.0
cd6_MRFSaBg-5-rgb_front.mp4,24.0
F3OMfGoPZxo-8-rgb_front.mp4,30.0
bPC1As0rH1I-8-rgb_front.mp4,24.0
1K3GSPm6AKQ-5-rgb_front.mp4,60.0
3dCgOOUXZBY-8-rgb_front.mp4,24.0
fZq8wTAYtmw-10-rgb_front.mp4,24.0
0E_ELI0D4nA-8-rgb_front.mp4,30.0
FMSiqrDXABU-3-rgb_front.mp4,24.0
0zzQqETJdi8-5-rgb_front.mp4,24.0
01ucR6XreJw-5-rgb_front.mp4,24.0
5q5q5d8vP24-8-rgb_front.mp4,24.0
0vgVGyIjRAM-8-rgb_front.mp4,50.0
1m_A7gr1174-8-rgb_front.mp4,24.0
eYwnPtrnsWw-8-rgb_front.mp4,23.976
15sMl7bHH5s-8-rgb_front.mp4,24.0
_FS9zbJi8qE-8-rgb_front.mp4,24.0
01m9yM04RwY-3-rgb_front.mp4,24.0
49P4e1DLm6w-8-rgb_front.mp4,24.0
1bJg-DSYR8k-8-rgb_front.mp4,24.0
0tZfBzet80M-5-rgb_front.mp4,24.0
2saUtZUAqHg-5-rgb_front.mp4,23.976
Bt24OQG3gHA-3-rgb_front.mp4,24.0
DWvKuuJhmos-8-rgb_front.mp4,24.0
0rXxoOBskMk-5-rgb_front.mp4,60.0
0EW2ql96Ksc-8-rgb_front.mp4,24.0
0yIzZP0UGdw-8-rgb_front.mp4,23.976
_64bCfimlk8-3-rgb_front.mp4,24.0
55iR3RXwuTA-8-rgb_front.mp4,24.0
13yrKJ6yOPQ-8-rgb_front.mp4,24.0
11whCAUxiQc-8-rgb_front.mp4,24.0
-9byTo0hUbM-8-rgb_front.mp4,24.0
0HObK-sd2ds-5-rgb_front.mp4,24.0
eYoOi0oIEWM-8-rgb_front.mp4,24.0
cC-MiIPH-14-8-rgb_front.mp4,24.0
aibMW4Xt7wA-4-rgb_front.mp4,24.0
1qBxhsvMUps-8-rgb_front.mp4,24.0
19fVNSOqyiY-8-rgb_front.mp4,24.0
BJIygZtYwXM-3-rgb_front.mp4,24.0
bhwmLgCrgVU-8-rgb_front.mp4,24.0
FaDSFhcBlHI-8-rgb_front.mp4,24.0
003D1CHLnQs-5-rgb_front.mp4,24.0
1Mh04YZDfVg-5-rgb_front.mp4,24.0
G23JltC2N8g-5-rgb_front.mp4,30.0
19FB-dmluQw-3-rgb_front.mp4,24.0
3Uu9_GGILmc-8-rgb_front.mp4,24.0
eN2mMGil37o-5-rgb_front.mp4,24.0
21BHzn_li1s-5-rgb_front.mp4,24.0
3QUvJUyYpfc-5-rgb_front.mp4,24.0
aP4KTUYgjyE-8-rgb_front.mp4,24.0
G1lNlhjWC1I-8-rgb_front.mp4,24.0
2-G31CNowCU-8-rgb_front.mp4,24.0
g3Cc_1-V31U-3-rgb_front.mp4,24.0
DOUfX5-ExYc-3-rgb_front.mp4,24.0
bFWnB7lyEh8-8-rgb_front.mp4,24.0
-DQ1scNd-M8-8-rgb_front.mp4,24.0
Cu1rDgWOZ9w-8-rgb_front.mp4,24.0
-CI0wTBVlaI-8-rgb_front.mp4,24.0
BiIXqhnUpO8-5-rgb_front.mp4,24.0
ED0DdlXJMFQ-8-rgb_front.mp4,24.0
_FzvMVnR_aU-5-rgb_front.mp4,60.0
1DgRPcY65Mk-5-rgb_front.mp4,24.0
D9fI-2txDwo-8-rgb_front.mp4,24.0
1ISBP6Ar-7I-5-rgb_front.mp4,24.0
-dE8T2Quw3I-5-rgb_front.mp4,24.0
1nAiestkr0Q-11-rgb_front.mp4,24.0
F2p-lvoavoI-5-rgb_front.mp4,24.0
cRrKSTsUW10-2-rgb_front.mp4,24.0
41uzlhDMROA-3-rgb_front.mp4,24.0
1-2UTIfxWao-5-rgb_front.mp4,24.0
1D0eLAoIDEc-5-rgb_front.mp4,24.0
db_8cpiP0T4-1-rgb_front.mp4,24.0
g1vUH8Iy4vw-3-rgb_front.mp4,24.0
G05uFub3YFc-2-rgb_front.mp4,24.0
-0N0jbyBW6g-5-rgb_front.mp4,23.976
1oN5GdoCO44-8-rgb_front.mp4,24.0
a9abAEFmEQQ-5-rgb_front.mp4,23.976
0pzZP3RhYeo-5-rgb_front.mp4,24.0
0mqwTXQN-x8-5-rgb_front.mp4,24.0
c0uMDWywVf0-5-rgb_front.mp4,24.0
c11S3-7gekg-5-rgb_front.mp4,24.0
1TulVSuotyY-5-rgb_front.mp4,24.0
BbBdxWO88-I-8-rgb_front.mp4,24.0
fCk8Md58LK4-4-rgb_front.mp4,24.0
EhRYdxh3OTc-8-rgb_front.mp4,24.0
0sff0qsiAbw-8-rgb_front.mp4,24.0
3Aq_KJZR-2w-5-rgb_front.mp4,24.0
-F6vN4bOBWs-8-rgb_front.mp4,24.0
4K6kvm-NRYQ-8-rgb_front.mp4,24.0
dQJyDM9pKR8-8-rgb_front.mp4,24.0
0C9R7XjhUuo-8-rgb_front.mp4,24.0
Eh2AVkAQsxI-5-rgb_front.mp4,24.0
D1KcyG3ZgdM-8-rgb_front.mp4,24.0
G3bMqicS4bQ-5-rgb_front.mp4,24.0
1DbTAwqof0M-5-rgb_front.mp4,24.0
92V3oH63zbQ-1-rgb_front.mp4,30.0
EBc1o6yZcoQ-5-rgb_front.mp4,24.0
1PyZfKulLtI-8-rgb_front.mp4,24.0
Enhria4v_jo-3-rgb_front.mp4,24.0
g0iNy-yPisM-8-rgb_front.mp4,24.0
ao4EesD6R44-5-rgb_front.mp4,24.0
ez9_he04234-8-rgb_front.mp4,24.0
bbSKqkE4EBs-8-rgb_front.mp4,24.0
-4Sl9mPOlfA-3-rgb_front.mp4,24.0
_7uBzSGPQis-3-rgb_front.mp4,24.0
1O_X7NnW-HA-5-rgb_front.mp4,24.0
2Fq1vWH06us-5-rgb_front.mp4,24.0
1UB3Hyum1m4-5-rgb_front.mp4,24.0
1bq4LWVsU-8-8-rgb_front.mp4,24.0
3yjFlBByBX4-1-rgb_front.mp4,30.0
g0pRnlPR-K0-8-rgb_front.mp4,24.0
1B-uqjIDMKk-8-rgb_front.mp4,24.0
0C16xFUBT3c-3-rgb_front.mp4,24.0
bb2M6v4T7ZA-8-rgb_front.mp4,24.0
e5HYroYJ9pk-8-rgb_front.mp4,24.0
bEAy71HZC9M-1-rgb_front.mp4,24.0
fzQ2E3_xBZA-5-rgb_front.mp4,24.0
bogUNcjjm8Q-8-rgb_front.mp4,24.0
-0oP2H0vAGY-5-rgb_front.mp4,23.976
4G2TEC5lS_g-5-rgb_front.mp4,23.976
0q_iyR8gV38-5-rgb_front.mp4,24.0
1QQov46Mmvo-5-rgb_front.mp4,24.0
1mOC52dYaUk-8-rgb_front.mp4,24.0
fGpZTRPFf9Y-5-rgb_front.mp4,24.0
2-hvU0YdLRY-8-rgb_front.mp4,24.0
1dLchY8R6tU-8-rgb_front.mp4,24.0
-Bz0BNwqAE4-5-rgb_front.mp4,24.0
FLMh3vqItb0-5-rgb_front.mp4,24.0
3S3CGwIQgVk-5-rgb_front.mp4,24.0
4K_f93M-BrA-8-rgb_front.mp4,23.976
b9nWwzf0C5E-5-rgb_front.mp4,24.0
21PbS6wnHtY-5-rgb_front.mp4,24.0
FzOQMA-CVPc-2-rgb_front.mp4,30.0
0Gyur-C_KEo-5-rgb_front.mp4,24.0
1RKo1xJauj4-5-rgb_front.mp4,24.0
d_cJXrKUy7M-5-rgb_front.mp4,24.0
1EPJUu2MN6Q-5-rgb_front.mp4,24.0
DQpWvqgWMx8-8-rgb_front.mp4,24.0
Ec9KthfKXXI-8-rgb_front.mp4,24.0
_15CDIexNDM-5-rgb_front.mp4,24.0
CCHRQOsb1gc-5-rgb_front.mp4,24.0
C225XSGIOXQ-2-rgb_front.mp4,24.0
0wg18YtiA28-5-rgb_front.mp4,24.0
EWKHuFQm9GI-5-rgb_front.mp4,24.0
G33aqW3DLpc-10-rgb_front.mp4,24.0
025gAKRCIKY-3-rgb_front.mp4,24.0
4XlVMRXLydg-5-rgb_front.mp4,24.0
CSxgJLYMLZ4-5-rgb_front.mp4,24.0
-8j9K3T5lkw-8-rgb_front.mp4,24.0
c_ThRj8eAf0-8-rgb_front.mp4,24.0
3JIZryXZ-AA-8-rgb_front.mp4,24.0
dam5GdktjAU-8-rgb_front.mp4,24.0
G3GcPpidwxk-5-rgb_front.mp4,30.0
1pWVfHd-Nwc-8-rgb_front.mp4,24.0
dmUuraVHek8-8-rgb_front.mp4,24.0
3HCjTYIijec-2-rgb_front.mp4,24.0
1UvJ0mvrOPw-5-rgb_front.mp4,24.0
fZgbCwSG3Hc-8-rgb_front.mp4,24.0
1oUPuXTsifY-8-rgb_front.mp4,24.0
1gycdY2pcYc-11-rgb_front.mp4,24.0
11aqPfA6Zgo-8-rgb_front.mp4,24.0
aWQtkHYFJWo-5-rgb_front.mp4,24.0
aopX3CjX5-Q-1-rgb_front.mp4,24.0
1cUIexb0ELM-8-rgb_front.mp4,24.0
DPBciYELWjg-5-rgb_front.mp4,24.0
3HTL6h2RYjQ-5-rgb_front.mp4,24.0
3oSvyY2f4ZQ-5-rgb_front.mp4,24.0
CPF2W6Vr7tc-8-rgb_front.mp4,24.0
DSVW7Ak0qQw-5-rgb_front.mp4,24.0
17jE4iCZJIE-8-rgb_front.mp4,24.0
1mq3cb7aA-Q-3-rgb_front.mp4,24.0
1s5gc78drOE-8-rgb_front.mp4,24.0
1EVfV97X6iA-5-rgb_front.mp4,24.0
0EBzUNzDv9A-8-rgb_front.mp4,24.0
dFaHc--TlxQ-5-rgb_front.mp4,24.0
5RR7dlzkyL0-5-rgb_front.mp4,24.0
-98tdkCF-sY-5-rgb_front.mp4,24.0
DopLUa7Gl8s-5-rgb_front.mp4,24.0
CKO9_7Msf9c-5-rgb_front.mp4,23.976
azQqsfnTGgs-5-rgb_front.mp4,24.0
07TdlpHnhtU-5-rgb_front.mp4,24.0
1NnjqlLI_6s-8-rgb_front.mp4,24.0
1EC-cM1w4sQ-5-rgb_front.mp4,24.0
1tryKCIRb40-8-rgb_front.mp4,24.0
EFaag-4WI58-2-rgb_front.mp4,24.0
G0zQm6X8uiQ-8-rgb_front.mp4,24.0
1Aug_cHpJpk-8-rgb_front.mp4,23.976
1qNsErmkIiU-3-rgb_front.mp4,24.0
c4cLox0Z9AA-8-rgb_front.mp4,24.0
3MXwlCKtSPU-5-rgb_front.mp4,23.976
5R_edfcFUP0-3-rgb_front.mp4,24.0
5ShtTFePfe8-8-rgb_front.mp4,24.0
EjzQn4ReeeI-3-rgb_front.mp4,24.0
DBDddxX-CJA-8-rgb_front.mp4,24.0
0oHN9y80NME-5-rgb_front.mp4,24.0
-d5dN54tH2E-1-rgb_front.mp4,24.0
-0daC3SWCPQ-5-rgb_front.mp4,23.976
3EUv9chnujY-8-rgb_front.mp4,24.0
BubKD1vPvvQ-11-rgb_front.mp4,24.0
bcNtUYh3GNs-8-rgb_front.mp4,24.0
4EFBr4Oe2ZE-8-rgb_front.mp4,24.0
1ib_NnOrt6A-8-rgb_front.mp4,24.0
-FC7u7u8AWo-8-rgb_front.mp4,24.0
0sIZINMi6jM-8-rgb_front.mp4,24.0
-b4_y6LOSx0-8-rgb_front.mp4,24.0
0J3KAGixLRo-5-rgb_front.mp4,24.0
14UHnRRd3GM-8-rgb_front.mp4,24.0
484PoKla0ug-1-rgb_front.mp4,24.0
FZrU_mEryAs-2-rgb_front.mp4,24.0
2L2Hhr4nMLM-5-rgb_front.mp4,24.0
0-4j8fghNOE-5-rgb_front.mp4,23.976
1YnA7Iv3oJ8-8-rgb_front.mp4,24.0
beZVrUpjpwk-8-rgb_front.mp4,24.0
EhYk6e-jtWg-3-rgb_front.mp4,24.0
CanYlZX_uyE-5-rgb_front.mp4,24.0
-8L6L9fFWK8-8-rgb_front.mp4,24.0
18NasCihOMs-8-rgb_front.mp4,24.0
0H60j0VxTaE-5-rgb_front.mp4,24.0
FXYTX1EUYOY-8-rgb_front.mp4,24.0
apME2W12Uwo-8-rgb_front.mp4,24.0
EF4dlnqkJ3w-8-rgb_front.mp4,24.0
1sIQ1SMNHqM-8-rgb_front.mp4,24.0
5dodEz2r56M-8-rgb_front.mp4,24.0
11b-DjymB2M-8-rgb_front.mp4,24.0
0-zewtxhuR8-5-rgb_front.mp4,24.0
bIFSc66t0u4-8-rgb_front.mp4,24.0
EOHrybLEPs4-11-rgb_front.mp4,24.0
001evy9D-mw-5-rgb_front.mp4,24.0
1Iv4aWWKhxg-5-rgb_front.mp4,24.0
BsN-7BOFXX4-3-rgb_front.mp4,24.0
0CecLZXqzZ4-8-rgb_front.mp4,24.0
1ZWGv-_yKrU-8-rgb_front.mp4,50.0
C6xUOMqgRxw-8-rgb_front.mp4,24.0
05gjcxakphc-5-rgb_front.mp4,24.0
eUP1a-9q2aA-8-rgb_front.mp4,24.0
0zvsqf23tmw-1-rgb_front.mp4,24.0
1dFd3NYkINQ-8-rgb_front.mp4,24.0
1pS3OghYuaA-8-rgb_front.mp4,24.0
aomlhMR9PLQ-8-rgb_front.mp4,24.0
G3OMdQo1zjY-10-rgb_front.mp4,24.0
1ikV8IVFpBw-8-rgb_front.mp4,24.0
FJwlsdc-urQ-8-rgb_front.mp4,24.0
1RKbOiQngXo-5-rgb_front.mp4,24.0
10d1oeViKYw-5-rgb_front.mp4,24.0
204P_kHHWks-2-rgb_front.mp4,24.0
12gp5ivyz5M-8-rgb_front.mp4,30.0
CiSoUHVR7UM-8-rgb_front.mp4,24.0
cOCnNdL5fwI-8-rgb_front.mp4,24.0
11dfT7iY3kI-8-rgb_front.mp4,30.0
Bnm6QaAj6Qo-3-rgb_front.mp4,24.0
CGLHWM9BTzw-8-rgb_front.mp4,23.976
-8uwu59w8QE-8-rgb_front.mp4,24.0
EYEw-9w4dRI-3-rgb_front.mp4,24.0
BgBlryfScI0-5-rgb_front.mp4,24.0
DG-NczwMCoM-5-rgb_front.mp4,24.0
bSr7V1-5eUI-8-rgb_front.mp4,24.0
22TN7pvePQ4-5-rgb_front.mp4,24.0
5c6jezj8l68-8-rgb_front.mp4,30.0
1CokUs2TOlw-5-rgb_front.mp4,24.0
CJ8RyW9pzKU-8-rgb_front.mp4,24.0
F9ULOg0Q9jk-9-rgb_front.mp4,24.0
04-j8JucIXg-8-rgb_front.mp4,24.0
Ctli0zlqLxk-3-rgb_front.mp4,24.0
3xag4Y3JqHo-5-rgb_front.mp4,24.0
0DR03wVvqTI-8-rgb_front.mp4,24.0
00Fc7cZX1gM-5-rgb_front.mp4,24.0
--8pSDeC-fg-5-rgb_front.mp4,24.0
DK4Orp3D7wA-8-rgb_front.mp4,24.0
0q0Tb41RAhc-5-rgb_front.mp4,24.0
0reLP4Ynpnk-5-rgb_front.mp4,24.0
0s2JBzhsWXw-8-rgb_front.mp4,24.0
18YQlS_nliI-8-rgb_front.mp4,24.0
cRhmpbpCW_4-5-rgb_front.mp4,24.0
01okYWMvD-0-3-rgb_front.mp4,24.0
bpyAuV3jNIc-8-rgb_front.mp4,24.0
2ioOCZFiWWU-5-rgb_front.mp4,24.0
EvS51qz56A0-8-rgb_front.mp4,24.0
g1uA0f9I0Sg-3-rgb_front.mp4,24.0
1fdMM1LuAsY-8-rgb_front.mp4,24.0
0plX1nykYwE-5-rgb_front.mp4,24.0
1MQCIqeTLk0-5-rgb_front.mp4,24.0
G1LiGqM3FhM-8-rgb_front.mp4,24.0
_ClrZy5Kkkk-5-rgb_front.mp4,24.0
CftMKqnnFy4-5-rgb_front.mp4,24.0
46fCerTjzcw-3-rgb_front.mp4,24.0
g2ELiaFjKfs-3-rgb_front.mp4,24.0
eahjYz2685g-8-rgb_front.mp4,24.0
4BZVj8FDDvY-5-rgb_front.mp4,24.0
dJ3lnqaocV4-8-rgb_front.mp4,24.0
g1z6HOJ0yRw-3-rgb_front.mp4,24.0
dIhOvhzskUg-8-rgb_front.mp4,24.0
-9umTJVGSqk-8-rgb_front.mp4,24.0
aKF1llwN-O8-8-rgb_front.mp4,24.0
4UlmDZi98fk-5-rgb_front.mp4,24.0
BKHAvX9rFw0-8-rgb_front.mp4,24.0
11QBsM0-DF4-8-rgb_front.mp4,24.0
5YMC8pMGeTA-8-rgb_front.mp4,24.0
ce3agDFnApw-8-rgb_front.mp4,50.0
-a9uCz7Bo5E-8-rgb_front.mp4,24.0
bRkUI98OdoQ-1-rgb_front.mp4,24.0
01KR04fE7Fw-3-rgb_front.mp4,24.0
g25IORxoyXE-3-rgb_front.mp4,24.0
FZCEymcpq7I-1-rgb_front.mp4,30.0
dbSAB8F8GYc-9-rgb_front.mp4,30.0
1D4N5VhBMmg-5-rgb_front.mp4,24.0
-9__F8XKDuE-8-rgb_front.mp4,24.0
0CSAuZM2jAU-5-rgb_front.mp4,23.976
g1ccEYTMGGY-3-rgb_front.mp4,24.0
FadLsYNd2tk-5-rgb_front.mp4,24.0
1KKlZKlWdTM-5-rgb_front.mp4,24.0
dqMEvM8Sr4Y-5-rgb_front.mp4,24.0
d-UFZZklFmM-5-rgb_front.mp4,24.0
f_zna_wG3zo-10-rgb_front.mp4,24.0
1WWRpyZXTnU-5-rgb_front.mp4,24.0
01Dnm-s8rNI-3-rgb_front.mp4,24.0
1HVI7U22egg-5-rgb_front.mp4,24.0
aI092VEhmRU-8-rgb_front.mp4,24.0
3EqWVwr_Iqc-5-rgb_front.mp4,24.0
2-vXO7MMLJc-5-rgb_front.mp4,23.976
3uRgOnJbEkI-8-rgb_front.mp4,24.0
C1qblYh-23I-5-rgb_front.mp4,24.0
DxFIaxNaCZI-8-rgb_front.mp4,23.976
Ci8otvMiZJU-5-rgb_front.mp4,24.0
1ovWfK_k3-Q-8-rgb_front.mp4,24.0
1PESZk6BzQM-5-rgb_front.mp4,23.976
aD13SrgLiYM-9-rgb_front.mp4,24.0
24-ujdkcwaE-5-rgb_front.mp4,24.0
1dpRaxOTfZs-8-rgb_front.mp4,24.0
berpJe71eNY-4-rgb_front.mp4,24.0
-dSv5URTW8M-5-rgb_front.mp4,23.976
1-xK5UtDSmE-2-rgb_front.mp4,24.0
1s1TPdCUvhQ-8-rgb_front.mp4,30.0
3Uu9_GGILmc-5-rgb_front.mp4,60.0
f6SJe6s7FBQ-8-rgb_front.mp4,24.0
1OURLZ-4Xeo-8-rgb_front.mp4,24.0
-f8UHZWw9Zs-5-rgb_front.mp4,60.0
0EjXICFqrKo-8-rgb_front.mp4,30.0
0GLi2UAP2CY-8-rgb_front.mp4,24.0
Fm8dQO2A6PY-5-rgb_front.mp4,24.0
-7ZqO3skAxk-8-rgb_front.mp4,24.0
07ViW5BdEsw-1-rgb_front.mp4,24.0
06jk1stVwMI-5-rgb_front.mp4,60.0
aRLsDsSFCkg-5-rgb_front.mp4,23.976
1nN1DqwS0q4-11-rgb_front.mp4,24.0
1262lUssvGU-8-rgb_front.mp4,24.0
G0MjvzT_UqM-2-rgb_front.mp4,30.0
0t94zPbIPTw-8-rgb_front.mp4,24.0
C-i06Ssh0l8-8-rgb_front.mp4,30.0
EqJqWYBEUPQ-8-rgb_front.mp4,24.0
FQsLcgxOReU-5-rgb_front.mp4,24.0
d4gKps6FAO0-5-rgb_front.mp4,24.0
fz6XzPxdo-0-5-rgb_front.mp4,24.0
ERpBK4lEjfI-8-rgb_front.mp4,24.0
bV7YzyvngPo-5-rgb_front.mp4,23.976
brD68XY2rZs-8-rgb_front.mp4,24.0
1f6MTI3qidQ-8-rgb_front.mp4,24.0
17oWSHmbCa0-3-rgb_front.mp4,24.0
1Yp-xuljnDM-8-rgb_front.mp4,24.0
17wK8JXEJvo-8-rgb_front.mp4,24.0
5g5x8cLjosU-3-rgb_front.mp4,24.0
13_6CMOhVvo-3-rgb_front.mp4,24.0
1W4YokNwUtY-5-rgb_front.mp4,24.0
-g45vqccdzI-1-rgb_front.mp4,24.0
FJpeot48AYY-5-rgb_front.mp4,50.0
EzxBtwD-HEE-5-rgb_front.mp4,24.0
1h0-Yi_Swbw-8-rgb_front.mp4,24.0
3bw1RCf2ZrY-3-rgb_front.mp4,24.0
1AtdCMxgF2Q-8-rgb_front.mp4,24.0
b33htMHPtl8-5-rgb_front.mp4,24.0
eSzXQQUgH1A-5-rgb_front.mp4,24.0
Dw9swLUK-Ek-5-rgb_front.mp4,24.0
cKmtmtqeUkI-9-rgb_front.mp4,24.0
fB33NsuFbV0-1-rgb_front.mp4,24.0
0psMj0gsJjs-5-rgb_front.mp4,24.0
aziKlBI09Ug-8-rgb_front.mp4,24.0
1-qDBgSRY7M-5-rgb_front.mp4,24.0
5luHDO0IMx4-5-rgb_front.mp4,24.0
FWi7va17oUQ-9-rgb_front.mp4,24.0
BuBhhM2a0bw-8-rgb_front.mp4,23.976
2EaPbARsm8c-5-rgb_front.mp4,23.976
_64bCfimlk8-5-rgb_front.mp4,24.0
1hMYxtfhrzw-3-rgb_front.mp4,24.0
fAtXQBL65O8-5-rgb_front.mp4,24.0
beSlOio5zRI-8-rgb_front.mp4,24.0
5z6E_azb1Dg-3-rgb_front.mp4,24.0
0pMxYTo5cKU-5-rgb_front.mp4,24.0
fyI1Ev5m1w4-8-rgb_front.mp4,24.0
eAWErqR6vtQ-8-rgb_front.mp4,24.0
1V-aOg8wCT4-1-rgb_front.mp4,24.0
cS44xaCZy7A-8-rgb_front.mp4,24.0
FZLxEwsoc1c-8-rgb_front.mp4,24.0
1GyeOHDF49k-5-rgb_front.mp4,24.0
1ptcPCWBvBc-8-rgb_front.mp4,24.0
1kMcBHJ2IPM-8-rgb_front.mp4,24.0
bo3G_k9XSPY-8-rgb_front.mp4,24.0
dJkZC7IchGs-1-rgb_front.mp4,24.0
-CtWAhfREEc-8-rgb_front.mp4,24.0
DhN9zRgCbBU-5-rgb_front.mp4,23.976
03EzcoSP2pc-8-rgb_front.mp4,24.0
1mR-3aBnMFo-8-rgb_front.mp4,24.0
CVpmdnJpOdE-5-rgb_front.mp4,24.0
G2hnUeetWcc-5-rgb_front.mp4,24.0
Dd6r7jX4VOQ-3-rgb_front.mp4,24.0
1rvY7z3xiv8-8-rgb_front.mp4,30.0
1Bo_94uRQ_Q-5-rgb_front.mp4,24.0
33YRZ5UZTA4-2-rgb_front.mp4,24.0
0pryZawZCJI-5-rgb_front.mp4,24.0
-bPNlBaNvcI-8-rgb_front.mp4,24.0
BlhCuryvt88-8-rgb_front.mp4,23.976
1YmFWc521pE-8-rgb_front.mp4,24.0
CQsuwAS9zJk-8-rgb_front.mp4,24.0
bvyUUBpwesg-3-rgb_front.mp4,24.0
0sal9F4RXeY-8-rgb_front.mp4,24.0
1r9BuA9JwsY-11-rgb_front.mp4,50.0
C_1mKhO7PQI-1-rgb_front.mp4,24.0
3SDn4SLso7g-5-rgb_front.mp4,23.976
4S2nxOnWxVw-8-rgb_front.mp4,50.0
5jTzjzuPJ88-3-rgb_front.mp4,24.0
b2k59617MJs-5-rgb_front.mp4,24.0
17bhb8Eom5g-8-rgb_front.mp4,24.0
CJO5S96W7Cs-8-rgb_front.mp4,60.0
028cpYJmYAk-8-rgb_front.mp4,24.0
C5tmJXRemUM-8-rgb_front.mp4,30.0
G38DbiHHTW0-5-rgb_front.mp4,24.0
CUWThEnO-OQ-5-rgb_front.mp4,23.976
bxPH-LRp-mY-8-rgb_front.mp4,24.0
dXAQ76wSgR4-5-rgb_front.mp4,24.0
1KWcAgqPvEw-5-rgb_front.mp4,24.0
1gDezSEPi_o-8-rgb_front.mp4,24.0
0t19eYsWPyg-8-rgb_front.mp4,24.0
-eVbw_nRsLI-5-rgb_front.mp4,24.0
bzTy65XT4_o-3-rgb_front.mp4,24.0
07n9gNTlVdI-5-rgb_front.mp4,24.0
eUkBa7h9VGM-5-rgb_front.mp4,24.0
1GlHmFJA0LQ-8-rgb_front.mp4,24.0
1xKU91ggLeI-5-rgb_front.mp4,23.976
Dq8zmP6p_J4-8-rgb_front.mp4,24.0
4Mi3E9RcS_o-8-rgb_front.mp4,24.0
1kBYCMFljLM-8-rgb_front.mp4,24.0
a4uz0W33REs-3-rgb_front.mp4,24.0
bbIbBpRt8IM-5-rgb_front.mp4,24.0
1-iy8qmP4l0-5-rgb_front.mp4,24.0
buc5dUzP57k-3-rgb_front.mp4,24.0
08PDyCn-pxI-5-rgb_front.mp4,24.0
03SgrpiJkSw-8-rgb_front.mp4,24.0
ajzZA5OKRvc-5-rgb_front.mp4,24.0
B_ye00IgI4w-5-rgb_front.mp4,24.0
D0T7ho08Q3o-2-rgb_front.mp4,30.0
1jzAlQtJpcA-8-rgb_front.mp4,24.0
abzRFn8xngA-3-rgb_front.mp4,24.0
-fNgnONv_3I-5-rgb_front.mp4,60.0
4ChFh4LdxVg-8-rgb_front.mp4,24.0
5HDlLzELoeg-8-rgb_front.mp4,24.0
Fs7CJqyjFaY-8-rgb_front.mp4,24.0
CnycvXFq8H4-5-rgb_front.mp4,24.0
aSafa3cyBuw-5-rgb_front.mp4,24.0
EauGmYmH6rc-5-rgb_front.mp4,24.0
g1ccEYTMGGY-10-rgb_front.mp4,24.0
1lSZAzOSNGs-8-rgb_front.mp4,24.0
0zkdvbrsm-U-5-rgb_front.mp4,24.0
G33aqW3DLpc-5-rgb_front.mp4,24.0
dC0nsP_KIw4-8-rgb_front.mp4,24.0
Fi7eWZ_NcJw-5-rgb_front.mp4,23.976
-0sphqZT1eQ-5-rgb_front.mp4,23.976
1Mqg8dDpuIs-8-rgb_front.mp4,23.976
EF3OUyjt6PE-3-rgb_front.mp4,24.0
ahJr2i50Qew-3-rgb_front.mp4,24.0
G0PNAsonBGk-2-rgb_front.mp4,30.0
dGI7tIbYFis-5-rgb_front.mp4,24.0
Bbd7ZBJK9xc-8-rgb_front.mp4,24.0
1syO65Y29ZM-8-rgb_front.mp4,24.0
e3fk_uZThBM-8-rgb_front.mp4,24.0
a5BJCnXAxWU-8-rgb_front.mp4,60.0
1WIZH2vgOJE-5-rgb_front.mp4,24.0
-BWRIFAD4_s-8-rgb_front.mp4,24.0
09pImpqIfaU-8-rgb_front.mp4,24.0
CISGeIWfI8I-3-rgb_front.mp4,24.0
0E4mKYwAhOs-8-rgb_front.mp4,24.0
EP6wVTJ7yjk-5-rgb_front.mp4,24.0
--dANj_01AU-5-rgb_front.mp4,23.976
362N8QEC4bg-3-rgb_front.mp4,23.976
-CmdMw3PKV8-8-rgb_front.mp4,24.0
0HPNKFjr1KQ-5-rgb_front.mp4,24.0
0I8jUk3Kc2w-5-rgb_front.mp4,24.0
1avHo4qZ86Q-8-rgb_front.mp4,24.0
0w7kbbBYrME-8-rgb_front.mp4,24.0
0ob9wkq1aYk-5-rgb_front.mp4,24.0
DBwEyk9ilmg-3-rgb_front.mp4,24.0
2l9_6UKlhmM-8-rgb_front.mp4,24.0
fux-zUwYX2Q-8-rgb_front.mp4,24.0
aoJGFkOHUmY-8-rgb_front.mp4,24.0
E5cOv1SZCKg-3-rgb_front.mp4,24.0
G1QiXuldOxM-8-rgb_front.mp4,24.0
f1TMEQbc7WY-5-rgb_front.mp4,24.0
eJlvf2D4P-I-5-rgb_front.mp4,24.0
DC6gcj9Qykw-8-rgb_front.mp4,24.0
1F8o8y9vR2U-5-rgb_front.mp4,24.0
bZfiiqG_cF8-5-rgb_front.mp4,24.0
5sdZhVCmDJ4-4-rgb_front.mp4,24.0
g2iFC1st7zQ-3-rgb_front.mp4,24.0
1glVsfq3zG8-8-rgb_front.mp4,24.0
_dWcUsKVDiU-8-rgb_front.mp4,24.0
CRY7RCMlqTM-5-rgb_front.mp4,23.976
-cjui5FUrLQ-5-rgb_front.mp4,24.0
002pHlZGEQ8-5-rgb_front.mp4,24.0
3GgkyZLNZkA-2-rgb_front.mp4,24.0
0Ca0Mc1SqpA-8-rgb_front.mp4,24.0
Eh4cZxdMMc8-8-rgb_front.mp4,60.0
3RqJnxOWNyM-8-rgb_front.mp4,23.976
1mdMz4RkRdA-8-rgb_front.mp4,24.0
D9kXrUDRKu8-5-rgb_front.mp4,24.0
0sYti1jhaww-8-rgb_front.mp4,24.0
-BRSDqMCi0w-8-rgb_front.mp4,24.0
-eL7lQUY2fo-5-rgb_front.mp4,24.0
cRRD3k2ZGSc-8-rgb_front.mp4,23.976
Dg2DjTVCGww-4-rgb_front.mp4,24.0
F_oZD0P0Ysk-5-rgb_front.mp4,24.0
G06Irzcwxiw-1-rgb_front.mp4,30.0
1ia4jmyCnyk-8-rgb_front.mp4,24.0
1nnhZvWBE44-11-rgb_front.mp4,24.0
07mFG9turoU-5-rgb_front.mp4,24.0
eY32ru3Nstc-8-rgb_front.mp4,24.0
-bLfarX5JXU-5-rgb_front.mp4,24.0
a8zoNzPmXik-8-rgb_front.mp4,24.0
1jYZFgVz9YM-8-rgb_front.mp4,24.0
0xmdaovBNms-5-rgb_front.mp4,24.0
bhSWgP3DSYI-8-rgb_front.mp4,24.0
1E4aT0mJ-V4-5-rgb_front.mp4,24.0
cRhaqTxGCLw-5-rgb_front.mp4,24.0
1NdnCBn6-F4-3-rgb_front.mp4,24.0
4PKquZ1fUGk-2-rgb_front.mp4,24.0
23YW07EXh34-5-rgb_front.mp4,24.0
03jABW2MKkk-8-rgb_front.mp4,24.0
bOzV-cKVz1Q-8-rgb_front.mp4,24.0
alF9DejhzXM-8-rgb_front.mp4,24.0
DW_3T1igwx4-1-rgb_front.mp4,24.0
ca54J6D5hkA-5-rgb_front.mp4,24.0
BdWaaSDDu6Q-8-rgb_front.mp4,24.0
-AKdG2AyDW4-8-rgb_front.mp4,24.0
02QGTJlJYnM-8-rgb_front.mp4,24.0
1yckSw3bsVs-8-rgb_front.mp4,24.0
1gS4Hb9gpOI-8-rgb_front.mp4,24.0
Cd2BSk73Yqo-8-rgb_front.mp4,24.0
1zEwB1EoDZw-8-rgb_front.mp4,24.0
ED008VqMDJU-3-rgb_front.mp4,24.0
3dFKahxY0KI-5-rgb_front.mp4,23.976
bVioRHqYVpU-8-rgb_front.mp4,24.0
FU_ELIq7e8E-4-rgb_front.mp4,24.0
5fcxgweEABo-8-rgb_front.mp4,24.0
2WTWOS8bF7A-3-rgb_front.mp4,24.0
g25IORxoyXE-10-rgb_front.mp4,24.0
F0Cu-UAAR8I-8-rgb_front.mp4,24.0
1fjObGfnwLI-8-rgb_front.mp4,24.0
0tbwqARWKw8-4-rgb_front.mp4,24.0
1XVFT7Xyk00-5-rgb_front.mp4,24.0
-fZc293MpJk-1-rgb_front.mp4,50.0
-fOR83fBsP4-3-rgb_front.mp4,24.0
1fPFcBdBziw-8-rgb_front.mp4,24.0
E29uPL981ZQ-1-rgb_front.mp4,24.0
fClqAXwjimE-5-rgb_front.mp4,24.0
g0t4Wz5qsT8-8-rgb_front.mp4,24.0
-CM5y50t9yg-8-rgb_front.mp4,24.0
DcFCY1OFhCw-3-rgb_front.mp4,24.0
b-mHbL3d2ec-3-rgb_front.mp4,24.0
1RKv7hJtf80-5-rgb_front.mp4,24.0
Fii1YOmjEwQ-9-rgb_front.mp4,24.0
BT6nLJAINgo-8-rgb_front.mp4,23.976
doMosV-zfCI-2-rgb_front.mp4,24.0
1aRcg_P7Vow-8-rgb_front.mp4,24.0
-FE9cQO9pmU-8-rgb_front.mp4,24.0
02gzHnpz1W4-8-rgb_front.mp4,24.0
1ZReTq9V2RI-8-rgb_front.mp4,24.0
cYdu_WW4808-5-rgb_front.mp4,24.0
11MdTWBChk0-8-rgb_front.mp4,24.0
2FgG0QARPuc-8-rgb_front.mp4,30.0
1F83Rt08qMs-5-rgb_front.mp4,24.0
1PhHBWErK9Q-8-rgb_front.mp4,30.0
Ch6nqZwWgbw-5-rgb_front.mp4,23.976
477ZE29Y6eU-8-rgb_front.mp4,24.0
1TB2EBT2WQI-5-rgb_front.mp4,24.0
157GUBMm-Yc-8-rgb_front.mp4,24.0
1QT8l93Llx8-5-rgb_front.mp4,24.0
0xsng2YOhMA-5-rgb_front.mp4,24.0
1g9c_YQZh5E-8-rgb_front.mp4,24.0
1IRJXMx85Rg-5-rgb_front.mp4,24.0
3_EsFz2QLws-5-rgb_front.mp4,24.0
cG6jFsMdpnw-8-rgb_front.mp4,24.0
5uS1lEos3KI-8-rgb_front.mp4,24.0
ch8DtxId3Ng-5-rgb_front.mp4,24.0
aHUC2fh-jfQ-8-rgb_front.mp4,24.0
-BFCJ9zmfOo-8-rgb_front.mp4,24.0
DKOzSnHwSFI-5-rgb_front.mp4,24.0
11nApVmQepI-8-rgb_front.mp4,30.0
_5LwGjy_bY8-5-rgb_front.mp4,24.0
5ujm3ZXVd-o-5-rgb_front.mp4,24.0
Dvq-Fc0-Lxk-5-rgb_front.mp4,23.976
-CAPvlP0BvY-8-rgb_front.mp4,24.0
BkDSzdSQlE0-4-rgb_front.mp4,24.0
2t9guhwLcqQ-5-rgb_front.mp4,24.0
0myBh0x1yqw-5-rgb_front.mp4,24.0
2-vVTACa76o-8-rgb_front.mp4,24.0
cVe-33JxCEo-8-rgb_front.mp4,24.0
eYT03gNpayI-8-rgb_front.mp4,24.0
146HWl-YGTo-8-rgb_front.mp4,24.0
DUf34jVJjeY-8-rgb_front.mp4,24.0
cDJuwtDYaSg-8-rgb_front.mp4,24.0
1XVcFJ97QQs-8-rgb_front.mp4,24.0
czBrBQgZIuc-5-rgb_front.mp4,24.0
G1nq4fYZiyQ-8-rgb_front.mp4,24.0
14fs-ot5KCc-8-rgb_front.mp4,24.0
EQU6DoctO2Q-5-rgb_front.mp4,24.0
fzrJBu2qsM8-10-rgb_front.mp4,24.0
0GJk5oID0PA-3-rgb_front.mp4,24.0
eflyfJi9EVQ-8-rgb_front.mp4,24.0
1Xj_2_6v1O0-8-rgb_front.mp4,24.0
15HbVwQP1Qw-5-rgb_front.mp4,24.0
_G0RrDVpOZ4-5-rgb_front.mp4,24.0
11oEwlBqF2M-8-rgb_front.mp4,24.0
g2v-M6EXcUE-3-rgb_front.mp4,24.0
a1HVL0zE768-3-rgb_front.mp4,24.0
5c2eJSafE3M-5-rgb_front.mp4,24.0
1lmWJvzyngE-8-rgb_front.mp4,24.0
2SHrot4ryPk-5-rgb_front.mp4,24.0
DnWpxYlY4cc-5-rgb_front.mp4,24.0
5AlpcMspHX4-8-rgb_front.mp4,24.0
EhkIOccpxGw-5-rgb_front.mp4,24.0
1byDxD7DePI-8-rgb_front.mp4,24.0
DLeyYmQIz5M-3-rgb_front.mp4,24.0
5xHms0g2n_Q-3-rgb_front.mp4,24.0
16bpLAi_vTM-8-rgb_front.mp4,24.0
g05yGRoZE10-8-rgb_front.mp4,24.0
ELYVP7C91YU-8-rgb_front.mp4,24.0
395INfhRQB8-5-rgb_front.mp4,24.0
bpOKSl0oIIw-8-rgb_front.mp4,24.0
46wX8xjt7mA-8-rgb_front.mp4,24.0
-BKq3iOBB9k-3-rgb_front.mp4,24.0
0Dv5umFVqv8-8-rgb_front.mp4,24.0
_-adcxjm1R4-8-rgb_front.mp4,24.0
305bKBYRZfk-8-rgb_front.mp4,24.0
1ND0o3AeO1k-5-rgb_front.mp4,24.0
drNQMr0iNRk-5-rgb_front.mp4,24.0
-aNfi7CP8vM-3-rgb_front.mp4,24.0
4BKUiL-ou2Q-8-rgb_front.mp4,24.0
FQXYLLhiWG0-8-rgb_front.mp4,24.0
D323P3SlTr4-5-rgb_front.mp4,23.976
14i542dF6Ps-8-rgb_front.mp4,24.0
14weIYQswlE-8-rgb_front.mp4,24.0
bLR_bcYb0uI-5-rgb_front.mp4,24.0
DBJPKwp0ERI-8-rgb_front.mp4,24.0
fy64LazcBA4-5-rgb_front.mp4,24.0
1I3VIBe5aeE-5-rgb_front.mp4,24.0
fGcgX2F_Epc-3-rgb_front.mp4,24.0
DKJtnSrjIro-5-rgb_front.mp4,24.0
00m1mQFF5zo-3-rgb_front.mp4,23.976
Fzj3jz2Imf0-1-rgb_front.mp4,30.0
-e28snEMnO4-5-rgb_front.mp4,24.0
39KOiTCEm_g-3-rgb_front.mp4,24.0
2t0bY_rE108-8-rgb_front.mp4,24.0
0yLGMH8IsQA-5-rgb_front.mp4,24.0
B_e7YfBqy_s-5-rgb_front.mp4,24.0
0rqurUFgdJo-5-rgb_front.mp4,24.0
18PYCeuqUfQ-8-rgb_front.mp4,24.0
-CYcSZkXFLs-8-rgb_front.mp4,24.0
CFC40Yw8CyQ-8-rgb_front.mp4,24.0
dEsle4TneCw-5-rgb_front.mp4,24.0
G3CyVk6dizw-5-rgb_front.mp4,24.0
0JZYw74996E-5-rgb_front.mp4,24.0
1CjA3Xzvd0k-5-rgb_front.mp4,24.0
G3EE6yhl1vk-5-rgb_front.mp4,24.0
1ZU0GLcgAjQ-8-rgb_front.mp4,50.0
3xni-I6N3EY-1-rgb_front.mp4,24.0
eI1zf6vSM-g-8-rgb_front.mp4,24.0
-dYKLsoFtbU-5-rgb_front.mp4,23.976
0HrO1O6B2dg-5-rgb_front.mp4,24.0
1MpyWS9FaCc-5-rgb_front.mp4,24.0
g3pXM5X3_Xw-3-rgb_front.mp4,24.0
5Gw0TpbCMTQ-5-rgb_front.mp4,24.0
a7BqyLnTfqo-5-rgb_front.mp4,24.0
1O3BRZq7AYY-8-rgb_front.mp4,24.0
BQGyl8K8KZE-8-rgb_front.mp4,24.0
1SwTfvvyM_Y-5-rgb_front.mp4,24.0
1yFEO-of5B0-8-rgb_front.mp4,24.0
1rlbYioN5IA-8-rgb_front.mp4,24.0
-eXHI3iqu7g-5-rgb_front.mp4,24.0
EZA2N6-oiEc-5-rgb_front.mp4,24.0
0HfN3Ts0FxQ-5-rgb_front.mp4,24.0
Fwdg09U5WqQ-1-rgb_front.mp4,24.0
EVXMvKdabuc-1-rgb_front.mp4,24.0
g1HvmBOR7Y4-3-rgb_front.mp4,24.0
1WGejpkD8ns-5-rgb_front.mp4,24.0
F4vLouSKy4c-8-rgb_front.mp4,30.0
1TsfCQyFt1A-5-rgb_front.mp4,24.0
1wmA0tuWzRI-8-rgb_front.mp4,24.0
g0Abwige7MQ-8-rgb_front.mp4,24.0
beVJrP2hs8o-4-rgb_front.mp4,24.0
ecerzCFJ7xg-8-rgb_front.mp4,23.976
3xag4Y3JqHo-8-rgb_front.mp4,24.0
39FN42e41r0-1-rgb_front.mp4,24.0
b1hxJIvcgls-8-rgb_front.mp4,24.0
1jREUW8hcAY-8-rgb_front.mp4,24.0
1gWf0iJUvyg-8-rgb_front.mp4,24.0
1DAuiP69Xtg-5-rgb_front.mp4,24.0
fZM3IcM2Xs4-5-rgb_front.mp4,23.976
47oJoR2BC34-8-rgb_front.mp4,23.976
3hoHkuB8QZs-3-rgb_front.mp4,24.0
0KpJxzHyTUo-5-rgb_front.mp4,24.0
0sY5frjH9nw-8-rgb_front.mp4,24.0
1JOWLb-EITs-5-rgb_front.mp4,60.0
--7E2sU6zP4-5-rgb_front.mp4,23.976
bwLhAEu1h90-5-rgb_front.mp4,24.0
1Ot-mwXOTuQ-8-rgb_front.mp4,24.0
2L8kToOPbRU-5-rgb_front.mp4,24.0
1fAed0ulvSA-8-rgb_front.mp4,24.0
fK3jvGvFqD4-5-rgb_front.mp4,24.0
1tmG7yRZ4E0-8-rgb_front.mp4,24.0
1ihegSTOHFw-3-rgb_front.mp4,24.0
dq9LGNzm2Mo-8-rgb_front.mp4,24.0
-8AYi1n0UWo-8-rgb_front.mp4,24.0
47HHNulBaX0-5-rgb_front.mp4,24.0
CQYIOWzYywU-5-rgb_front.mp4,24.0
038vE9JsU9I-8-rgb_front.mp4,24.0
1E1vnnehwdE-5-rgb_front.mp4,24.0
1zRg1-tq9Uc-8-rgb_front.mp4,24.0
-E1QuB_rCYs-8-rgb_front.mp4,24.0
FGfPccy3juw-5-rgb_front.mp4,24.0
4GG2H4QR9W8-2-rgb_front.mp4,24.0
C5uhp1HoNLs-8-rgb_front.mp4,23.976
bHEw7t7tJsc-5-rgb_front.mp4,24.0
-8XxBfXAzyo-8-rgb_front.mp4,24.0
BM_Z20gA5Ko-8-rgb_front.mp4,24.0
21PO7gJnq9s-5-rgb_front.mp4,24.0
1IgRvp7atXE-5-rgb_front.mp4,24.0
fFoY25BAiec-8-rgb_front.mp4,24.0
5OoZG2cMSKM-5-rgb_front.mp4,24.0
chdVD0wH8HU-5-rgb_front.mp4,24.0
1_ydoQEkeWA-8-rgb_front.mp4,24.0
18O8TyLgjtg-8-rgb_front.mp4,24.0
aVY3jET8UVY-5-rgb_front.mp4,24.0
2yudAtTnZrg-1-rgb_front.mp4,24.0
aPWX82zLo50-5-rgb_front.mp4,24.0
1P0nCPuAqQU-8-rgb_front.mp4,24.0
2uM9Vdo_uLQ-8-rgb_front.mp4,24.0
23ZnD2tLoXU-5-rgb_front.mp4,24.0
0wN3i0WqZeQ-8-rgb_front.mp4,24.0
3rmLri5lpT8-5-rgb_front.mp4,24.0
23ln0Sw_8Qo-5-rgb_front.mp4,24.0
3WEwTZHf8kI-5-rgb_front.mp4,24.0
0-n5YbN2IZA-5-rgb_front.mp4,24.0
1H-0xMsyUNA-5-rgb_front.mp4,24.0
1yq7yP8Dda8-8-rgb_front.mp4,24.0
bjvIIdYWc-k-8-rgb_front.mp4,24.0
0Fs8a5vglXc-8-rgb_front.mp4,24.0
5lHduGrvakM-3-rgb_front.mp4,24.0
g0QHEtNjZhI-8-rgb_front.mp4,24.0
1XMJJ7B4Vjo-3-rgb_front.mp4,24.0
G42xKICVj9U-5-rgb_front.mp4,24.0
3TmrgNyRYqw-5-rgb_front.mp4,23.976
1ptbP5xTIdw-8-rgb_front.mp4,24.0
1mTkXsCyPhU-8-rgb_front.mp4,24.0
1A1mzX1-l9g-8-rgb_front.mp4,24.0
BbM3wYI7H8U-8-rgb_front.mp4,24.0
1eA1cI1yI7w-8-rgb_front.mp4,24.0
10om04b2LIw-8-rgb_front.mp4,24.0
1szb5o0HENU-8-rgb_front.mp4,24.0
FGRuEn1-V4U-5-rgb_front.mp4,24.0
-f7htdZ3Kk0-5-rgb_front.mp4,24.0
d-cJHsXcKCQ-8-rgb_front.mp4,24.0
CQ938XE05sg-8-rgb_front.mp4,23.976
2188lTsFIV8-8-rgb_front.mp4,24.0
1--HXyOH4kg-5-rgb_front.mp4,24.0
3HTL6h2RYjQ-8-rgb_front.mp4,24.0
06k75HRlfqc-8-rgb_front.mp4,24.0
aNME-T1NzK8-8-rgb_front.mp4,24.0
-1eulcDdoVQ-5-rgb_front.mp4,23.976
cH27PiYX6gI-9-rgb_front.mp4,24.0
_45aUonD_So-5-rgb_front.mp4,24.0
-dyT7rtkAMk-5-rgb_front.mp4,24.0
1in4niLBTxc-8-rgb_front.mp4,24.0
DOc7dEiPdQo-8-rgb_front.mp4,30.0
20qFsdFD3io-8-rgb_front.mp4,24.0
-9Kic0QsCYs-8-rgb_front.mp4,24.0
fzXsxNFczRA-8-rgb_front.mp4,24.0
2q5qGVs_7Wo-8-rgb_front.mp4,23.976
1k093vlWd9g-8-rgb_front.mp4,24.0
G3FhmHz_7hs-5-rgb_front.mp4,24.0
09wc1lfk_P4-8-rgb_front.mp4,24.0
0z19lLIrTv4-5-rgb_front.mp4,24.0
3wrA8v-xDlg-8-rgb_front.mp4,24.0
1EV7AT_lBno-5-rgb_front.mp4,24.0
11ysPjNRN4Y-1-rgb_front.mp4,24.0
CdaX8MDsJkc-5-rgb_front.mp4,23.976
075s9DECj2k-5-rgb_front.mp4,60.0
46wX8xjt7mA-5-rgb_front.mp4,24.0
5L334OJnp7w-5-rgb_front.mp4,24.0
4Fvc5MU1V0k-5-rgb_front.mp4,23.976
-dTqNMtTqO8-5-rgb_front.mp4,24.0
1DSsHgAToGY-5-rgb_front.mp4,24.0
0KSak51yxUA-5-rgb_front.mp4,24.0
22jv2IeovNs-5-rgb_front.mp4,24.0
EiJtSpDvqOo-4-rgb_front.mp4,24.0
1SMnc4uRVLo-5-rgb_front.mp4,24.0
FWOQPBc3kyY-5-rgb_front.mp4,24.0
02WRxAwx-Bo-8-rgb_front.mp4,24.0
0HMTm0ljVl8-5-rgb_front.mp4,24.0
DE8YkWRpvYA-5-rgb_front.mp4,24.0
1S-FjorJFpI-5-rgb_front.mp4,24.0
eMhscu5bckc-5-rgb_front.mp4,24.0
00xgNW3M4-4-3-rgb_front.mp4,23.976
03WUE9zzQY4-8-rgb_front.mp4,24.0
0z-gCDC8oOw-8-rgb_front.mp4,30.0
f3A9L7yGmEM-3-rgb_front.mp4,24.0
0G41FMDf9bY-11-rgb_front.mp4,24.0
Cr7X2NDNzOA-8-rgb_front.mp4,24.0
-eJI_YOtHNE-5-rgb_front.mp4,24.0
2ckGjVDGnYE-8-rgb_front.mp4,24.0
Fr3A_kBBnOI-5-rgb_front.mp4,24.0
fzNnTgHa1lM-5-rgb_front.mp4,24.0
20xez8y80RI-8-rgb_front.mp4,24.0
1lEWHTj1gi0-8-rgb_front.mp4,24.0
dR5U_NeNx18-5-rgb_front.mp4,24.0
0qdMYkKfZiw-5-rgb_front.mp4,24.0
dKumOzqVk3M-8-rgb_front.mp4,24.0
FzWvE__PamM-2-rgb_front.mp4,30.0
2XnIHZ9qbsI-5-rgb_front.mp4,24.0
FzaQ-Q5gSmI-1-rgb_front.mp4,30.0
1XOuWR5CP6o-5-rgb_front.mp4,24.0
EicYnoErTkI-1-rgb_front.mp4,24.0
1qksnbHvJLY-8-rgb_front.mp4,24.0
1Df0aD8AxuE-5-rgb_front.mp4,24.0
1jIxTnChOXk-8-rgb_front.mp4,24.0
1tuyCqcTmD8-5-rgb_front.mp4,24.0
BXa-8t_3mHs-8-rgb_front.mp4,23.976
0upaCipisiA-3-rgb_front.mp4,24.0
58xX_6AShZQ-5-rgb_front.mp4,24.0
1rs4i373I7w-8-rgb_front.mp4,24.0
CuqR-BVLU9k-8-rgb_front.mp4,23.976
-bHYenWmD3Q-8-rgb_front.mp4,23.976
Dy0raZ2UbmU-8-rgb_front.mp4,23.976
1CeaPJb3z-w-5-rgb_front.mp4,24.0
G2uKe6hCNSo-5-rgb_front.mp4,24.0
aD7Kmdiuigo-5-rgb_front.mp4,60.0
-0FA6OhxZSE-5-rgb_front.mp4,23.976
1mN7gG892WI-8-rgb_front.mp4,24.0
fzcsY2gm7t0-8-rgb_front.mp4,24.0
1SkWAa61esQ-5-rgb_front.mp4,24.0
3dO7BI93adU-5-rgb_front.mp4,24.0
1P0oKY4FNyI-8-rgb_front.mp4,24.0
3aKE_Fh3JaQ-8-rgb_front.mp4,24.0
4-iAIeV2Hsk-3-rgb_front.mp4,24.0
FoiJ4mTiW18-9-rgb_front.mp4,24.0
0qVx3q_poVg-5-rgb_front.mp4,24.0
c6difzHesqQ-8-rgb_front.mp4,24.0
G3EfBFwsOpE-5-rgb_front.mp4,24.0
3BuvrAJDzyk-3-rgb_front.mp4,24.0
asnjOLvpsoQ-8-rgb_front.mp4,24.0
FD3lhznsFbM-3-rgb_front.mp4,24.0
2ufkA0BzGSY-8-rgb_front.mp4,24.0
1-VX310yQTw-1-rgb_front.mp4,24.0
-g0iPSnQt6w-1-rgb_front.mp4,50.0
48DncKS_yN0-8-rgb_front.mp4,23.976
4C6UadTF65I-8-rgb_front.mp4,24.0
De2llnXYz1U-5-rgb_front.mp4,23.976
0JH35Eyysww-5-rgb_front.mp4,24.0
1IRrpQJQvI4-5-rgb_front.mp4,24.0
EdJgTx0iFeE-5-rgb_front.mp4,24.0
BJebuYFoRis-8-rgb_front.mp4,24.0
2lxxViTXhMs-5-rgb_front.mp4,24.0
16n946j6kpM-8-rgb_front.mp4,24.0
aG3SkYk_V1U-3-rgb_front.mp4,60.0
1I7YRWosiJ8-5-rgb_front.mp4,60.0
EZA0R3KNbYc-5-rgb_front.mp4,24.0
55bITHs7Kyc-3-rgb_front.mp4,24.0
CWIsQEHuVZ4-3-rgb_front.mp4,24.0
a6xKFGeHX4A-5-rgb_front.mp4,24.0
DtJh6Hwgu8M-8-rgb_front.mp4,24.0
3PNHgu8nVWA-5-rgb_front.mp4,24.0
EjzQn4ReeeI-5-rgb_front.mp4,24.0
077rQK39ycg-5-rgb_front.mp4,24.0
E4dMO7t5pBI-8-rgb_front.mp4,24.0
1EwP7HtNYR4-5-rgb_front.mp4,24.0
00YBzfWomz8-5-rgb_front.mp4,24.0
3wrA8v-xDlg-5-rgb_front.mp4,24.0
1SozYg3ZXKM-5-rgb_front.mp4,24.0
1qMpH_7FL68-8-rgb_front.mp4,24.0
1pDmmsYwDJA-8-rgb_front.mp4,24.0
E-BhAvB5n6I-8-rgb_front.mp4,24.0
eRlK5VRBfNY-3-rgb_front.mp4,24.0
-9_jI7kWiQY-8-rgb_front.mp4,24.0
1TymrHMv7nE-5-rgb_front.mp4,30.0
DfnHNkTE7mE-5-rgb_front.mp4,24.0
-B1PA__Pemg-8-rgb_front.mp4,24.0
g3X3XE6M2_A-3-rgb_front.mp4,24.0
47DGHJiOzPQ-5-rgb_front.mp4,24.0
04DtdCu2kfg-5-rgb_front.mp4,23.976
CsdpA_b5P8Q-5-rgb_front.mp4,24.0
1eFlDHpjPNI-8-rgb_front.mp4,60.0
bypEEFgkWyw-8-rgb_front.mp4,24.0
1IRHEhx1lBs-5-rgb_front.mp4,60.0
G3EfBFwsOpE-10-rgb_front.mp4,24.0
0-wLoko5zNw-5-rgb_front.mp4,24.0
ewUqUklARsA-2-rgb_front.mp4,24.0
afDfb8xx09w-3-rgb_front.mp4,24.0
aa3nSACjDQM-5-rgb_front.mp4,24.0
bQq6NvgulaY-3-rgb_front.mp4,24.0
DI6T6tbk3r0-5-rgb_front.mp4,23.976
FDWeetAw9Sc-1-rgb_front.mp4,24.0
bkF8Lt9cumc-5-rgb_front.mp4,24.0
1Npqw3j6-w0-8-rgb_front.mp4,24.0
biBBePKaQMY-4-rgb_front.mp4,24.0
DQx6Ku390YU-8-rgb_front.mp4,24.0
f9OsarAxuIQ-8-rgb_front.mp4,24.0
F5aaCX9R5K0-5-rgb_front.mp4,24.0
aUBQCNegrYc-1-rgb_front.mp4,24.0
0ta2ddEzBA0-8-rgb_front.mp4,24.0
ER9YIeOTAkA-5-rgb_front.mp4,24.0
079tjgCukM4-5-rgb_front.mp4,24.0
-0BynF9TSNI-5-rgb_front.mp4,23.976
1VHODMDPRbo-5-rgb_front.mp4,24.0
E7MoG6eOLU4-5-rgb_front.mp4,24.0
-aF-wabKgGs-8-rgb_front.mp4,24.0
eTtHXMC1Tco-5-rgb_front.mp4,24.0
00DKFksyVnQ-5-rgb_front.mp4,24.0
4CIAc6TPZ8o-3-rgb_front.mp4,24.0
5ok8y3eheq8-1-rgb_front.mp4,24.0
4H7wucScIRg-5-rgb_front.mp4,24.0
C6YWTOQtMmk-5-rgb_front.mp4,24.0
aCOz5Zi3K1s-3-rgb_front.mp4,60.0
1FAMcCdWsZM-5-rgb_front.mp4,24.0
14PatN6qnsQ-8-rgb_front.mp4,24.0
fzQ2E3_xBZA-8-rgb_front.mp4,24.0
FPrycDEavVk-8-rgb_front.mp4,24.0
G3k86AVFwVs-5-rgb_front.mp4,24.0
2p_XEJ6uL5U-5-rgb_front.mp4,24.0
3aKE_Fh3JaQ-5-rgb_front.mp4,24.0
caSH1HZRhZA-5-rgb_front.mp4,24.0
fEHjV8vc66w-8-rgb_front.mp4,24.0
3LhPYQ2oVrc-3-rgb_front.mp4,23.976
FFwwrRhqSTE-5-rgb_front.mp4,24.0
FlXsdKWNhlM-8-rgb_front.mp4,24.0
2A_JTXsVmVc-8-rgb_front.mp4,24.0
1TlNisOTK9Q-5-rgb_front.mp4,24.0
cTsJTnEs_hs-1-rgb_front.mp4,24.0
adMkalTFbgc-8-rgb_front.mp4,60.0
3TrMyzNWGpY-2-rgb_front.mp4,24.0
0ybfW9vFAZ4-5-rgb_front.mp4,24.0
1i3DinytEDE-8-rgb_front.mp4,60.0
-Bo59KWo7vc-8-rgb_front.mp4,24.0
e9UWZ3kkA7Y-8-rgb_front.mp4,24.0
CR-YuYN2oxA-5-rgb_front.mp4,23.976
dhKAQ8Yh0kM-5-rgb_front.mp4,24.0
aCc-DzPTDo4-5-rgb_front.mp4,30.0
2_2WH7cFJLM-5-rgb_front.mp4,24.0
g2SdWBPoXZ0-3-rgb_front.mp4,24.0
dtgTGUzrAAU-5-rgb_front.mp4,24.0
0y4kVTkGNTA-5-rgb_front.mp4,24.0
5vl23AL3mpY-8-rgb_front.mp4,50.0
egEQrOLjKxc-8-rgb_front.mp4,24.0
1th1WRwLP30-8-rgb_front.mp4,24.0
1dCbeG4mwVk-8-rgb_front.mp4,24.0
DcpSAcbj81w-5-rgb_front.mp4,24.0
1PeSVVH-lR4-8-rgb_front.mp4,24.0
bH1KCt78l7c-8-rgb_front.mp4,24.0
1xl3MOjKX84-8-rgb_front.mp4,24.0
bAnA79gWZXI-5-rgb_front.mp4,24.0
2-5R15AFLs8-8-rgb_front.mp4,24.0
0x-kl7MK6fc-5-rgb_front.mp4,24.0
1pBXuCxJKx8-8-rgb_front.mp4,24.0
23FtuKT8mUw-5-rgb_front.mp4,24.0
0wahXwItLRY-8-rgb_front.mp4,24.0
1c9hnVZvojI-8-rgb_front.mp4,24.0
G2JE_BEFVmE-10-rgb_front.mp4,24.0
1El9Lb_fT68-5-rgb_front.mp4,24.0
Cm8RAgN4w0A-5-rgb_front.mp4,23.976
23ZHgjVq8qM-5-rgb_front.mp4,24.0
auzKzVIhTuE-5-rgb_front.mp4,24.0
-1Uik-vwQoc-5-rgb_front.mp4,23.976
cNllDjjcRIg-5-rgb_front.mp4,24.0
5VkXcJblh4o-8-rgb_front.mp4,23.976
dfpBYRHB83s-1-rgb_front.mp4,24.0
F0eCE9z6ENc-8-rgb_front.mp4,24.0
005j20-PoLw-5-rgb_front.mp4,24.0
BL4ZqiUZO1U-5-rgb_front.mp4,24.0
b-KLhKET2d4-2-rgb_front.mp4,24.0
d7sVdYZqjQk-5-rgb_front.mp4,24.0
1b7CDv-Ssuw-8-rgb_front.mp4,24.0
G3VM7etNABI-5-rgb_front.mp4,24.0
FaTbGDrP9NI-8-rgb_front.mp4,23.976
1RgGCJ0hw6k-5-rgb_front.mp4,24.0
-f1_kdl050s-1-rgb_front.mp4,24.0
1PwvyT44-uE-8-rgb_front.mp4,30.0
BOAuIAm-p_A-8-rgb_front.mp4,24.0
1EY3NXNHHhc-5-rgb_front.mp4,24.0
d1h3XLGDMEY-8-rgb_front.mp4,24.0
-dK6mH2v-64-5-rgb_front.mp4,24.0
0C6TSfqie_Y-8-rgb_front.mp4,24.0
beiObN0JB7c-5-rgb_front.mp4,24.0
0xpGR4qCpD0-5-rgb_front.mp4,24.0
CREPjNfswRw-5-rgb_front.mp4,24.0
1XoT1-gzWfg-8-rgb_front.mp4,24.0
cbBb4MkVqQw-5-rgb_front.mp4,24.0
1mCRysiyBno-8-rgb_front.mp4,24.0
E5DPRjL6agA-8-rgb_front.mp4,24.0
17_gIYmULK8-8-rgb_front.mp4,24.0
fzueHkUDyhE-8-rgb_front.mp4,24.0
1IzJ7lr9J6E-3-rgb_front.mp4,24.0
D0G_iTF8eXY-5-rgb_front.mp4,23.976
1SmCdI9u3Sg-5-rgb_front.mp4,24.0
bA53FmWDNPU-8-rgb_front.mp4,24.0
2LmjgQZmc64-8-rgb_front.mp4,24.0
1XE5LtnrkWk-5-rgb_front.mp4,24.0
1VQZlvupNgo-5-rgb_front.mp4,24.0
5TIHwgy4F1s-3-rgb_front.mp4,24.0
1EeikJuDNao-5-rgb_front.mp4,24.0
FqtRy8RJa7E-3-rgb_front.mp4,24.0
_5CV2fIG7qY-5-rgb_front.mp4,24.0
F-SWOerlNoE-5-rgb_front.mp4,24.0
bXdrjbsxCAI-3-rgb_front.mp4,24.0
0xkcq_PvKLI-5-rgb_front.mp4,24.0
06tA1xvaSt8-5-rgb_front.mp4,60.0
g0yUlOaqL6k-3-rgb_front.mp4,24.0
1EaPhQ-7CsA-5-rgb_front.mp4,24.0
1I6c2InPr0A-5-rgb_front.mp4,24.0
cmFd-YkgJ0w-9-rgb_front.mp4,24.0
fZq8wTAYtmw-5-rgb_front.mp4,24.0
DcnH1GxziLs-8-rgb_front.mp4,50.0
0u83ZskRPt0-8-rgb_front.mp4,24.0
ccWCWiIkP_Q-8-rgb_front.mp4,24.0
cnbUSqFT5hc-5-rgb_front.mp4,24.0
Fe5w2GFeirI-5-rgb_front.mp4,24.0
24-pXXQodVQ-5-rgb_front.mp4,24.0
g3sLd8JupoQ-3-rgb_front.mp4,24.0
0oGfy530AuI-1-rgb_front.mp4,24.0
G3OMdQo1zjY-5-rgb_front.mp4,50.0
2oIjI5k0n44-5-rgb_front.mp4,24.0
aJpNFZd3uPw-5-rgb_front.mp4,24.0
16_CbprlCb0-8-rgb_front.mp4,24.0
G25fic3QxDk-5-rgb_front.mp4,30.0
1hIoLzfQJdY-11-rgb_front.mp4,24.0
2Wt91-j_DDI-5-rgb_front.mp4,24.0
2sJ9mg1QsBs-5-rgb_front.mp4,24.0
33jxeIIbBnM-1-rgb_front.mp4,24.0
15XTbrrGLDY-8-rgb_front.mp4,24.0
g2QdwYqm8pg-3-rgb_front.mp4,24.0
-c_OoOsTigw-5-rgb_front.mp4,24.0
EEMLjP2s3Sg-11-rgb_front.mp4,24.0
bUsxa-igAF0-8-rgb_front.mp4,24.0
0uXFGfpBDWc-11-rgb_front.mp4,24.0
17hrR6QZBdU-8-rgb_front.mp4,24.0
1UWz92TxRLA-5-rgb_front.mp4,24.0
0HjhaTfGAdE-5-rgb_front.mp4,24.0
1ei1kVTw23A-8-rgb_front.mp4,24.0
-dMiu8bJuCM-5-rgb_front.mp4,24.0
BsqkSfnVDc0-8-rgb_front.mp4,50.0
1PafdIFUsPU-5-rgb_front.mp4,24.0
1eJMq87Wk94-3-rgb_front.mp4,24.0
1ey34szkYsQ-8-rgb_front.mp4,24.0
clXjA4Ok8Bs-5-rgb_front.mp4,24.0
-Ah1r8OnmMM-8-rgb_front.mp4,24.0
CPZREUAZgsA-8-rgb_front.mp4,24.0
46Cwjrd4ua4-2-rgb_front.mp4,24.0
bCpx9dkhBgc-5-rgb_front.mp4,24.0
1PD7HXermBM-8-rgb_front.mp4,24.0
G19uBylwQww-2-rgb_front.mp4,30.0
c_M23pD7JHc-5-rgb_front.mp4,24.0
0xh74_xfC5A-5-rgb_front.mp4,24.0
14BL0rO5e-8-8-rgb_front.mp4,24.0
1EYhtLj97b8-5-rgb_front.mp4,24.0
Cz1cQs0AxfM-5-rgb_front.mp4,24.0
FTuTLRq7014-8-rgb_front.mp4,24.0
10VoWaHH80U-5-rgb_front.mp4,24.0
1fdWdKorgkA-8-rgb_front.mp4,24.0
1RKltss46fg-5-rgb_front.mp4,24.0
-fPRgGA3QYY-5-rgb_front.mp4,60.0
btSrRQAWN6k-4-rgb_front.mp4,24.0
av-Klzbg3HI-5-rgb_front.mp4,24.0
2-zlrJXlOGA-8-rgb_front.mp4,30.0
0w4x3Eb0Tvs-8-rgb_front.mp4,24.0
40VtkeryvFE-1-rgb_front.mp4,30.0
-CiUc2Gk4v8-8-rgb_front.mp4,24.0
exmbwktwuLs-5-rgb_front.mp4,24.0
5qsNHYnRWYQ-3-rgb_front.mp4,24.0
a8phf6lZ3pM-5-rgb_front.mp4,23.976
43zfrZ1Zh2w-8-rgb_front.mp4,23.976
-fSI2e1pqkY-5-rgb_front.mp4,24.0
1MUKBwc84DA-8-rgb_front.mp4,23.976
cQwxm1k62WY-5-rgb_front.mp4,24.0
dwxB_OaeAAg-8-rgb_front.mp4,24.0
dvBdWGLzayI-8-rgb_front.mp4,24.0
23_A6ME-alA-5-rgb_front.mp4,24.0
cSrZJbw3oTY-5-rgb_front.mp4,24.0
3Pl9EFPWXwI-3-rgb_front.mp4,24.0
3TKkSL9OYAg-5-rgb_front.mp4,23.976
3IN4lL2Emjg-5-rgb_front.mp4,24.0
18cpZSBTUQE-8-rgb_front.mp4,24.0
CH7AviIr0-0-8-rgb_front.mp4,24.0
1bW7yGVA6GA-8-rgb_front.mp4,24.0
4GKnUtxCEY8-5-rgb_front.mp4,23.976
aoJDJktJkzw-3-rgb_front.mp4,24.0
1gzlYGPQ9Zs-8-rgb_front.mp4,24.0
BWwv9mrgdVU-5-rgb_front.mp4,24.0
ETOZLBScxWY-3-rgb_front.mp4,24.0
G1jsDl1mVvk-1-rgb_front.mp4,30.0
CVmyQR31Dr4-3-rgb_front.mp4,60.0
1oTRvR_Y0Lw-8-rgb_front.mp4,24.0
F1495o0hagE-8-rgb_front.mp4,24.0
3wAKK4jQrXw-5-rgb_front.mp4,24.0
1bjHvgrcZu4-8-rgb_front.mp4,24.0
aSjHu-I75bE-5-rgb_front.mp4,24.0
072DGdBjfkQ-5-rgb_front.mp4,60.0
a5yNwUSiYpA-5-rgb_front.mp4,30.0
EA5TtaqpJ9w-4-rgb_front.mp4,24.0
Ek_sDHcuM7U-8-rgb_front.mp4,24.0
1EjirYBswwU-5-rgb_front.mp4,24.0
D9OtAUV9AJY-8-rgb_front.mp4,24.0
_DLMidC-b8w-8-rgb_front.mp4,24.0
dh6-yhJ30pY-8-rgb_front.mp4,24.0
FZd8Iv9ACVw-8-rgb_front.mp4,24.0
DiLm4237V8s-8-rgb_front.mp4,24.0
BMXB5nth8hA-5-rgb_front.mp4,24.0
_fZbAxSSbX4-5-rgb_front.mp4,24.0
1nX2jOEHvmQ-11-rgb_front.mp4,24.0
f1R7MZSlOOg-5-rgb_front.mp4,24.0
0IEzAXxCjO4-5-rgb_front.mp4,24.0
EhYk6e-jtWg-5-rgb_front.mp4,24.0
EmmuWoCUgXs-8-rgb_front.mp4,24.0
0xxbsy0Ek9I-5-rgb_front.mp4,24.0
aKsbJ8peDKQ-8-rgb_front.mp4,24.0
-9TmNCFEtDo-8-rgb_front.mp4,24.0
DBKJ9j-g9PU-8-rgb_front.mp4,24.0
BtG-2TZ5Cnk-5-rgb_front.mp4,24.0
1kMlu1Z5DWM-8-rgb_front.mp4,24.0
g0QHEtNjZhI-10-rgb_front.mp4,24.0
eLv9Uhs89IQ-8-rgb_front.mp4,24.0
bwnfdMdvWFQ-4-rgb_front.mp4,24.0
20ooSJixdyg-8-rgb_front.mp4,24.0
EahG_9V_nEc-8-rgb_front.mp4,24.0
1NSanqJ8AS4-5-rgb_front.mp4,24.0
23zpxZzNL-Q-5-rgb_front.mp4,24.0
1DGYl4msYVM-5-rgb_front.mp4,24.0
fxtkHe6zRFg-5-rgb_front.mp4,24.0
1inaLz6I4pE-11-rgb_front.mp4,24.0
0ACeI3_jN3k-8-rgb_front.mp4,24.0
2OuMczapT_M-8-rgb_front.mp4,23.976
-euMRdZvO74-5-rgb_front.mp4,24.0
1V7ct19BMBE-3-rgb_front.mp4,24.0
4Af-nxPvbgY-5-rgb_front.mp4,24.0
02CpakICRL4-8-rgb_front.mp4,24.0
-eSwgmd4XaQ-5-rgb_front.mp4,24.0
-9D6kP1TgbY-8-rgb_front.mp4,24.0
EQEjh8_dXSk-3-rgb_front.mp4,24.0
0Dgty_NNa48-5-rgb_front.mp4,24.0
13hOu2Rmsf8-8-rgb_front.mp4,24.0
1qYHdB1eWQc-8-rgb_front.mp4,24.0
cxW8HFCWjlQ-8-rgb_front.mp4,24.0
2ri5HYm48MA-2-rgb_front.mp4,24.0
atQrRCf_Xxw-8-rgb_front.mp4,24.0
0CrEEBjBSTM-3-rgb_front.mp4,24.0
1aJwX9nRlmk-2-rgb_front.mp4,60.0
CO6qyvvglAE-5-rgb_front.mp4,60.0
1A368owTj0E-3-rgb_front.mp4,24.0
EDX0Bo4EnHc-8-rgb_front.mp4,24.0
17ijcOW43Q8-8-rgb_front.mp4,24.0
EeVXp0hN3qY-5-rgb_front.mp4,24.0
2c0pN0EgeJA-5-rgb_front.mp4,24.0
e5SqBxoPVzw-5-rgb_front.mp4,24.0
1OJx7Vfnr6w-8-rgb_front.mp4,24.0
09GN-XezUJg-8-rgb_front.mp4,24.0
1H55083VyWI-8-rgb_front.mp4,60.0
G2Go6a76xd0-5-rgb_front.mp4,30.0
07EGkSiMsL0-5-rgb_front.mp4,24.0
0wl7gaoJpu0-5-rgb_front.mp4,24.0
g1xdqxCZxTg-3-rgb_front.mp4,24.0
bwvtAII4pG0-5-rgb_front.mp4,24.0
1XscSoKf558-8-rgb_front.mp4,24.0
E6Cnf4SEZc0-8-rgb_front.mp4,30.0
57bbRJn0xec-1-rgb_front.mp4,24.0
0ox8b-TwKEs-5-rgb_front.mp4,24.0
eDoxY9hEauM-5-rgb_front.mp4,24.0
EQWFrWeRVjQ-5-rgb_front.mp4,24.0
1Z4f7kN6yWY-8-rgb_front.mp4,24.0
G3qZW-hZXaQ-5-rgb_front.mp4,24.0
1bm6Ur4Z4BQ-8-rgb_front.mp4,24.0
1ghvkzsMgbM-8-rgb_front.mp4,24.0
aG2-aeelqto-5-rgb_front.mp4,60.0
FJgO-FICHlA-5-rgb_front.mp4,24.0
1Dd3HPlgDWw-5-rgb_front.mp4,24.0
E-PDvv4N-uE-5-rgb_front.mp4,24.0
49P4e1DLm6w-5-rgb_front.mp4,24.0
b-PYYUYz1V4-2-rgb_front.mp4,24.0
c8qCeBSlaOw-8-rgb_front.mp4,24.0
evyPWgUeAcI-8-rgb_front.mp4,24.0
a4uz0W33REs-5-rgb_front.mp4,30.0
4K_FAmYAd2o-8-rgb_front.mp4,24.0
3epphBG88cE-5-rgb_front.mp4,24.0
BwF27cuWJwM-8-rgb_front.mp4,24.0
c1lkiz9M8xo-9-rgb_front.mp4,24.0
fzegqlecOD8-10-rgb_front.mp4,24.0
EtbvdM_PTy0-5-rgb_front.mp4,24.0
2-cWDidthtI-8-rgb_front.mp4,24.0
cx9q2GQwZCo-8-rgb_front.mp4,24.0
ck8Pd1xb2hM-5-rgb_front.mp4,24.0
1I70ko7Kn8E-5-rgb_front.mp4,60.0
BoBx1pDyFog-8-rgb_front.mp4,23.976
aBvr3KFxFRw-5-rgb_front.mp4,24.0
-e9uexlpA4g-5-rgb_front.mp4,24.0
DQ2jzTipt_E-5-rgb_front.mp4,24.0
0CPT0O-r-70-8-rgb_front.mp4,24.0
G0Q6AlvH96I-2-rgb_front.mp4,30.0
g3V0BsmDUgY-3-rgb_front.mp4,24.0
DFZqxH4r1mA-8-rgb_front.mp4,24.0
DpzyzJvORMg-3-rgb_front.mp4,24.0
0qa_D2lCk4g-5-rgb_front.mp4,24.0
0Ft9bREx_G0-8-rgb_front.mp4,24.0
1L3g6l7j6JA-5-rgb_front.mp4,60.0
3RzgpH5Hg3I-5-rgb_front.mp4,24.0
F38nf-l4VmU-5-rgb_front.mp4,24.0
20eFgtWq9-I-8-rgb_front.mp4,24.0
1DFNcceDcYY-5-rgb_front.mp4,24.0
16iJ0z4FUqc-8-rgb_front.mp4,24.0
1_j3bP8UnZg-8-rgb_front.mp4,24.0
289aNSTQ4aU-5-rgb_front.mp4,24.0
BdMNUzr3wy4-11-rgb_front.mp4,24.0
220uYYSxz5U-5-rgb_front.mp4,24.0
1uKRohTNHD4-8-rgb_front.mp4,24.0
00dWJ4YRRSI-1-rgb_front.mp4,24.0
C225XSGIOXQ-1-rgb_front.mp4,24.0
DvKS20WKiX4-8-rgb_front.mp4,24.0
4XgOVMG-zIo-1-rgb_front.mp4,24.0
1rGiqgUx360-8-rgb_front.mp4,24.0
b1wLBVvtPCI-5-rgb_front.mp4,24.0
G42xKICVj9U-10-rgb_front.mp4,24.0
fZM3IcM2Xs4-10-rgb_front.mp4,24.0
dPDIWKLSjBw-2-rgb_front.mp4,24.0
5UDsvJNpI5k-5-rgb_front.mp4,24.0
11cwpeaDJzc-8-rgb_front.mp4,24.0
1EidpMNIaJE-5-rgb_front.mp4,24.0
-dXU26rkB7I-5-rgb_front.mp4,23.976
Enhria4v_jo-5-rgb_front.mp4,24.0
G21Gx_C18IA-2-rgb_front.mp4,30.0
-F8wNvnNQNs-8-rgb_front.mp4,24.0
46UzcCnmGPk-3-rgb_front.mp4,24.0
G2JE_BEFVmE-5-rgb_front.mp4,30.0
1UPmMYcFIWM-5-rgb_front.mp4,24.0
1miDA8brjnI-11-rgb_front.mp4,24.0
_EWaSDEvpAY-5-rgb_front.mp4,24.0
f5EGPzGSCJs-8-rgb_front.mp4,24.0
Bda6fYAIFgg-8-rgb_front.mp4,23.976
1BE6JW91TyM-8-rgb_front.mp4,24.0
cu22tQWIKio-5-rgb_front.mp4,24.0
eXabAP-jk6E-5-rgb_front.mp4,24.0
2tF0EH_6nfE-3-rgb_front.mp4,24.0
3daeOlNR8_A-5-rgb_front.mp4,24.0
bFtO1fUoHEc-5-rgb_front.mp4,24.0
3mNAaB29C7E-5-rgb_front.mp4,24.0
d0HkysFvGRU-5-rgb_front.mp4,24.0
-djRbCXJLYo-5-rgb_front.mp4,24.0
CxT4a1Gtkjo-1-rgb_front.mp4,24.0
0-QttpoWp_8-5-rgb_front.mp4,24.0
-6PZkp-zC78-5-rgb_front.mp4,23.976
1pycas4XL9U-11-rgb_front.mp4,50.0
EGuNTfFR99Y-8-rgb_front.mp4,24.0
24-nCYk2bRk-5-rgb_front.mp4,24.0
1028f1LdKHk-5-rgb_front.mp4,24.0
1_7KwjlgBVw-8-rgb_front.mp4,24.0
FZNuNG9UBnw-1-rgb_front.mp4,30.0
DFS78Sd76ek-4-rgb_front.mp4,24.0
0G4GGoZBQPo-8-rgb_front.mp4,24.0
1ewpH9xB6wA-8-rgb_front.mp4,24.0
1E70qW68aZw-5-rgb_front.mp4,24.0
4VXvnpxTEEw-1-rgb_front.mp4,24.0
03w0fj9vLpo-8-rgb_front.mp4,24.0
cwLJfXFf9ks-8-rgb_front.mp4,24.0
bVR-LN22vWk-8-rgb_front.mp4,24.0
fzegqlecOD8-8-rgb_front.mp4,24.0
ez2bCEZMTgc-5-rgb_front.mp4,60.0
cvn7htBA8Xc-8-rgb_front.mp4,24.0
EmJxMCutzz0-5-rgb_front.mp4,24.0
1ZF-GpZ0ofw-5-rgb_front.mp4,24.0
-AhZpejVexQ-5-rgb_front.mp4,24.0
cPii6GpjVgU-3-rgb_front.mp4,24.0
Cf7s3sCT3po-5-rgb_front.mp4,24.0
a-WMWISI12s-2-rgb_front.mp4,24.0
1d1uWUUHJZQ-3-rgb_front.mp4,24.0
0HW3SuQbV7g-5-rgb_front.mp4,24.0
